Uniprot_Id,Protein_Name,Gene_Name,M1,M2,M3,M4,M5,M6,M7,M8,M9,M10,M11,M12,M13,M14,M15,M16,M17,M18,M19,M20,M21,M22,M23,M24,M25,M26,M27,M28,M29,M30,M31,M32,M33,M34,M35,M36,M37,M38,M39,M40,M41,M42,M43,M44,M45,M46,M47,M48,M49,M50,M51,M52,M53,M54,M55,M56,M57,M58,M59,M60,M61,M62,M63,M64,M65,M66,M67,M68
O00303,"Eukaryotic translation initiation factor 3 subunit F, eIF3f (Deubiquitinating enzyme eIF3f, EC 3.4.19.12) (Eukaryotic translation initiation factor 3 subunit 5) (eIF-3-epsilon) (eIF3 p47)",EIF3F,8147500,0,0,3886300,0,0,0,0,0,12548000,0,8156300,0,6852300,21130000,28644000,14426000,18343000,0,14711000,16838000,19306000,239710000,0,0,0,29202000,23510000,67404000,880390016,24575000,11658000,22847000,24473000,1027000,16476000,14383000,14789000,23321000,0,1508200,31518000,17614000,0,13736000,72544000,0,15876000,85398000,7708500,13742000,99079000,0,18571000,155790000,23317000,6961500,12278000,26263000,19427000,11944000,18605000,39988000,80938000,7628100,29554000,28484000,0
O43707,Alpha-actinin-4 (Non-muscle alpha-actinin 4),ACTN4,52312,14076,20550,1979300,10362,9572.599609,2263600,0,19114,1045700,429550,1793200,56445,1831.099976,16788000,0,110930,49667,115460,0,98785,412070,42734000,360760,0,192740,4378000,0,43559,1098099968,0,81038,47086,529960,174760,1019400,0,27338,653270,1758700,183480,6522800,5792000,0,160100,739209984,20188000,4246400,21005,160830,145170,86133000,8301600,181720,64439,0,68151,6066900,16838000,44209,5473800,3600500,5744100,18052000,14852,46641,145260,0
O60701,"UDP-glucose 6-dehydrogenase, UDP-Glc dehydrogenase, UDP-GlcDH, UDPGDH, EC 1.1.1.22",UGDH,0,0,0,26164,24711,34777,66561,0,28862,22910,628760,26022,19674,27361,0,0,111210,166530,105470,118840,112020,336890,1502400,0,360110,191080,173750,266840,138740,252960000,211000,0,352580,332590,102130,247740,30915,219580,287970,13677,73994,50248,0,0,44879,638179968,276180,172650,0,24330,233360,2625400,19714,185470,238070,0,0,462990,949830,25625,3113300,608970,23501,433770,198980,274350,489840,300250
P00352,"Aldehyde dehydrogenase 1A1, EC 1.2.1.19, EC 1.2.1.28, EC 1.2.1.3, EC 1.2.1.36 (3-deoxyglucosone dehydrogenase) (ALDH-E1) (ALHDII) (Aldehyde dehydrogenase family 1 member A1) (Aldehyde dehydrogenase, cytosolic) (Retinal dehydrogenase 1, RALDH 1, RalDH1)",ALDH1A1,936370,42957,111860,220790,0,0,105470,0,11211000,2355400,0,539230,909840,0,2251200,0,336960,474060,1196200,104920,0,6074900,2225400,191450,0,0,46921000,1772000,0,49385000,6591900,4280500,500220,67551000,20490000,5055000,0,0,1021200,495400,419360,25370000,2808900,0,21394000,179200000,38843000,81779000,4201900,30066000,2882600,135380000,277430,0,1838000,43429000,237820,202670000,196550000,3549500,112260000,93472000,112640000,1913500,0,706150,1269400,0
P00450,"Ceruloplasmin, EC 1.16.3.1 (Ferroxidase)",CP,82021,25382,29833,222160,0,0,352480,0,0,420300,237350,0,0,0,1492200,0,101040,221410,0,61505,96716,1571800,24125000,725290,50331000,73812000,743200000,148960000,460820,299910,46419000,2008600,337630016,1129200,53868,17154000,419380,214380,167950,638720,71097,1140300,132780,0,0,102580000,4794400,0,1068400,86000,2823200,8209400,1394500,39542,0,249300,40958000,101470,2413000,0,0,929140,462980,183690,0,52718000,1724200,0
P00533,"Epidermal growth factor receptor, EC 2.7.10.1 (Proto-oncogene c-ErbB-1) (Receptor tyrosine-protein kinase erbB-1)",EGFR,3731900,0,275100,1279700,3876900,0,11076000,1442700,4018800,1883700,2606900,8864800,10101000,5630300,25310000,26668000,65274000,29361000,31459000,94842000,0,9080600,9930400,26209000,44081000,90834000,256140000,240280000,23356000,393049984,132130000,278110016,69404000,0,0,209020000,6713300,0,144690000,3874000,2154400,16870000,47098000,43598000,8570800,52484000,1113200,11193000,36281000,9663700,83234000,0,24672000,71935000,35718000,47664000,35942000,15405000,68793000,19072000,44666000,21964000,92106000,26468000,48668000,183280000,261490000,49279000
P00558,"Phosphoglycerate kinase 1, EC 2.7.2.3 (Cell migration-inducing gene 10 protein) (Primer recognition protein 2, PRP 2)",PGK1,143220,172130,254670,19755000,4319.100098,8935.099609,16252000,0,900940,22451000,3216900,56212000,7986700,0,25871000,27272,209730,407240,237430,78057,106390,785820,137570000,1380800,231970,223470,14050000,828820,294360,1222300032,461350,1589600,303680,9402000,3626600,150920,104280,1019700,3664600,14841000,21306000,3842300,3794200,0,702340,1469299968,11800000,6765800,131500,18088000,358950,309400000,3558300,557930,2236700,640290,144150,8181300,14292000,127530,10018000,6993300,9260000,39045000,0,0,102180,0
P00738,Haptoglobin (Zonulin) [Cleaved into: Haptoglobin alpha chain; Haptoglobin beta chain ],HP,262450,119580,197410,616300,2745.300049,0,732200,2494.800049,31635,10143,2298300,0,0,0,5522400,0,0,25246,41040,0,7231600,1731100,19110000,4467600,315540000,815120000,141330,245020000,293350,10472000,156240000,279129984,3513999872,39151000,1883100,13689000,409600,2187800,723300,299250,310020,557730,1620900,446500,624620,1373100032,25656000,950520,274560000,546100,255590000,16183000,240930,3204800,110520,6867600,58082000,3017600,4328900,1375900,1584500,1928000,6087400,172710,685540,199990000,155770000,0
P00751,"Complement factor B, EC 3.4.21.47 (C3/C5 convertase) (Glycine-rich beta glycoprotein, GBG) (PBF2) (Properdin factor B) [Cleaved into: Complement factor B Ba fragment; Complement factor B Bb fragment ]",CFB,20722,20632,38519,0,0,0,32091,0,0,42378,23855,0,0,0,21392,0,498260,362310,254460,648380,124740,115900,10658000,54378,38145000,200320000,125770000,72014000,681740,387540,2336600,4814100,284100000,151930,24401,2583600,42143,255550,0,151800,0,61473,20554,0,0,312889984,11744000,968270,20572000,0,39618000,2106600,0,0,279160,0,7624200,0,567600,0,22112,97515,24499,35169,126190,48469000,547200,0
P01008,"Antithrombin-III, ATIII (Serpin C1)",SERPINC1,516010,0,0,878290,5677500,4230500,4499700,1008200,2356400,2495700,2250300,649110,2567800,5117900,2904200,1678900,18527000,25062000,17117000,9878100,32577000,19305000,2756400,6837400,70031000,216060000,135900000,126930000,42413000,12097000,33497000,3877200,346470016,16542000,2621900,5699900,2028200,8985300,2290700,1979100,470120,730880,1143300,14868000,1267200,98268000,0,1100100,13534000,2531000,29478000,18622000,1272900,21160000,26253000,26994000,110150000,2838900,2113700,5649500,893510,2643000,1546900,1089900,23433000,53080000,41292000,28330000
P01009,"Alpha-1-antitrypsin (Alpha-1 protease inhibitor) (Alpha-1-antiproteinase) (Serpin A1) [Cleaved into: Short peptide from AAT, SPAAT ]",SERPINA1,321760,0,0,16048000,26711,0,2812400,0,0,8062400,4888500,460130,201640,0,10134000,44496,0,0,0,0,3224500,329820,106550000,10191000,690720,63806000,3790299904,4878600,15777000,3523600,52487000,12785000,891270016,32376000,3171000,98097000,0,2320600,5813900,3616900,354180,2066500,982870,142600,0,1249100032,7467800,2240300,54604000,845920,159440000,137680000,14406000,1748400,752480,390050,11400000,1535000,8090100,0,2729400,34618,21054000,3476600,0,113450000,38973000,149610
P01011,"Alpha-1-antichymotrypsin, ACT (Cell growth-inhibiting gene 24/25 protein) (Serpin A3) [Cleaved into: Alpha-1-antichymotrypsin His-Pro-less ]",SERPINA3,79864,0,27118,9996900,173180,0,1178300,0,0,302240,337790,0,0,0,383580,0,0,0,415260,0,0,1399900,16863000,302180,4263400,3873700,2028800000,1350100,13680000,41390000,7525300,644140,1237600000,9018600,3721700,5245300,135040,335670,0,482350,90017,4033300,1486600,451210,0,38668000,432510,2520200,317400,98891,1864800,19582000,933560,351220,2145300,626620,10623000,1794600,2486800,0,207190,0,2264900,198420,0,23136000,3855200,283780
P01024,"Complement C3 (C3 and PZP-like alpha-2-macroglobulin domain-containing protein 1) [Cleaved into: Complement C3 beta chain; C3-beta-c, C3bc; Complement C3 alpha chain; C3a anaphylatoxin; Acylation stimulating protein, ASP (C3adesArg); Complement C3b alpha' chain; Complement C3c alpha' chain fragment 1; Complement C3dg fragment; Complement C3g fragment; Complement C3d fragment; Complement C3f fragment; Complement C3c alpha' chain fragment 2 ]",C3,189780,41458,53322,3373800,0,0,2321100,0,0,623250,5149600,4504.600098,0,0,5783900,0,60182,113510,91695,0,77707,3965500,55742000,2303600,154190000,145140000,909980032,189220000,42667000,75418000,62981000,11492000,1550099968,6709100,1996300,76026000,678430,4059100,536890,2229400,951340,753260,496420,150340,84234,480440000,18166000,924850,24530000,296870,62125000,89256000,2116700,607200,1597300,1937400,322569984,177000,10993000,0,513280,1409100,582820,45787,836600,257920000,50269000,899220
P01591,Immunoglobulin J chain (Joining chain of multimeric IgA and IgM),JCHAIN,13235000,21776000,21283000,1057000,0,1414000,963020,105970,1243200,3022100,9760600,0,481900,1388900,17836000,1556800,46319000,57640000,24195000,12490000,17051000,618470016,118090000,21526000,57839000,35984000,78283000,0,7741100,35325000,52016000,350880000,41674000,75641000,3709800,38454000,17375000,40105000,14518000,1029900,0,19816000,14788000,89164000,4864900,64063000,291960000,64959000,30033000,12507000,14437000,13005000,11082000,307110016,72722000,37802000,10147000,24472000,40185000,17789000,8680100,35749000,2681400,2111500,6900600,20134000,38579000,15650000
P01833,"Polymeric immunoglobulin receptor, PIgR, Poly-Ig receptor (Hepatocellular carcinoma-associated protein TB6) [Cleaved into: Secretory component ]",PIGR,29511000,9428400,17423000,325500,414560,2757600,249610,47361,5215900,3424000,5352600,0,726370,1302400,21990000,433790,15437000,31790000,3272200,45105000,1687200,722520000,64039000,20224000,68241000,53484000,28526000,1073600,0,1005700,42384000,142170000,79090000,81358000,9646400,30856000,75141000,43613000,2602000,2495100,124780,44439000,30581000,78282000,11644000,18355000,358180000,129090000,24388000,15432000,19993000,11720000,19940000,281420000,115650000,136560000,20371000,51367000,77692000,28010000,17649000,35601000,18362000,18263000,533790,72159000,103040000,27907000
P01834,Immunoglobulin kappa constant (Ig kappa chain C region) (Ig kappa chain C region AG) (Ig kappa chain C region CUM) (Ig kappa chain C region EU) (Ig kappa chain C region OU) (Ig kappa chain C region ROY) (Ig kappa chain C region TI),IGKC,76200000,26897000,55494000,59287000,2865200,6835400,37431000,231870,8229100,44443000,16941000,817860,5553000,3070100,218240000,9177300,52684000,69566000,23616000,62033000,108490000,1089900032,660390016,58133000,131130000,104110000,186360000,0,31343000,636220032,97569000,249250000,109610000,340870016,36659000,127830000,96119000,92548000,248090000,61063000,21845000,120610000,73051000,169410000,25507000,4932599808,874630016,105960000,540110016,32139000,466500000,880200000,66347000,705200000,192590000,296820000,38693000,150710000,304500000,84876000,172040000,110360000,108500000,48613000,18711000,284180000,202090000,32482000
P01857,Immunoglobulin heavy constant gamma 1 (Ig gamma-1 chain C region) (Ig gamma-1 chain C region EU) (Ig gamma-1 chain C region KOL) (Ig gamma-1 chain C region NIE),IGHG1,53331000,615800,1075500,20974000,124280,164240,19847000,0,130110,23163000,10116000,975710,1030900,36697,136100000,203730,4538700,4267900,1835000,19094000,42589000,150530000,220950000,34234000,18528000,15628000,115320000,0,2393200,376720000,11732000,4723500,37904000,124840000,14968000,63388000,7453100,5119500,107710000,17385000,17194000,27063000,9069400,10579000,1253000,11756000256,150440000,22590000,121530000,3301200,130850000,591500032,26221000,37215000,14499000,21009000,801300,17833000,103840000,1050800,35529000,14300000,29903000,11384000,0,149190000,91098000,1392700
P01860,Immunoglobulin heavy constant gamma 3 (HDC) (Heavy chain disease protein) (Ig gamma-3 chain C region),IGHG3,1654100,138680,193110,6031000,0,0,3229200,0,0,2075200,5722200,0,0,0,1957000,0,1343700,1223700,0,0,10792000,18438000,35112000,2224600,4223000,0,14723000,0,0,23263000,948340,0,1064700,35983000,2284000,3998900,0,0,7487300,1209600,1459500,702080,752480,1264500,0,2310599936,19420000,0,53616000,773500,24338000,54360000,848730,5071500,2641700,4182600,0,77557,6490600,0,1761500,769200,2766200,912970,1432000,18971000,8769200,454120
P01876,Immunoglobulin heavy constant alpha 1 (Ig alpha-1 chain C region) (Ig alpha-1 chain C region BUR) (Ig alpha-1 chain C region TRO),IGHA1,165980000,91483000,162440000,18306000,5376900,14810000,5361400,1097100,15810000,12966000,34024000,294040,5935000,10762000,104430000,11401000,124370000,185440000,56354000,104910000,32756000,2612600064,380560000,87752000,268660000,201680000,262500000,4567100,17035000,19346000,116490000,133790000,103350000,273470016,51268000,58830000,96611000,45798000,79866000,10195000,2405200,172720000,104090000,238240000,39348000,1311399936,1186099968,327160000,178510000,87547000,142850000,96200000,66434000,1091299968,340049984,376849984,47005000,131520000,317080000,103500000,85686000,102650000,32674000,32120000,41440000,122460000,218860000,77673000
P01877,Immunoglobulin heavy constant alpha 2 (Ig alpha-2 chain C region) (Ig alpha-2 chain C region BUT) (Ig alpha-2 chain C region LAN),IGHA2,15031000,1691700,6986800,0,444600,0,0,0,876180,730880,5531300,0,606850,0,24204000,0,21887000,40989000,13552000,58473000,0,422249984,21394000,13496000,102780000,149440000,0,0,0,0,9869500,50639000,10561000,35641000,1792700,10379000,11976000,5871500,0,0,188440,15534000,30206000,32018000,2408700,119820000,330520000,81311000,0,13658000,37631000,11037000,34303000,65293000,92218000,161570000,12173000,31274000,6765700,35282000,31686000,0,0,8128300,12724000,174290000,0,0
P02042,Hemoglobin subunit delta (Delta-globin) (Hemoglobin delta chain),HBD,476510,0,1666200,91910000,0,493490,32668000,29005,1349400,34580000,17294000,15059000,6785800,584580,377680000,5598600,6939000,8097400,6645800,28253000,0,0,337380000,12474000,0,0,302270016,16465000,8010100,4030700,10890000,656760,53395000,45073000,2946200,27293000,5045900,17928000,71496000,9281100,94425000,5839400,12208000,1610400,0,534940000,0,7220000,551020032,4353800,476870016,929430016,95741000,9104100,8567600,56859000,10514000,5876600,63080000,4572000,25567000,0,45341000,22445000,13056000,5714100,15911000,0
P02452,Collagen alpha-1(I) chain (Alpha-1 type I collagen),COL1A1,238280000,66273000,88814000,152740000,325350016,292440000,440780000,131850000,458700000,222100000,324700000,200470000,319980000,342089984,808030016,805699968,1767600000,1775600000,1874200064,4798400000,0,8012500,752899968,2095500032,2724499968,3711800064,5548499968,3614299904,2648199936,1832099968,3089200128,3474800128,2910099968,1243600000,117960000,3942000128,409960000,2050300032,4322500096,308840000,183520000,659280000,281670016,1866899968,317300000,3747000064,439000000,370390016,2117400064,295569984,2116899968,893720000,886529984,2981100032,2231699968,2091299968,1044700032,905710016,1456400000,824840000,1099100032,1148600064,1506000000,485809984,1970800000,2736499968,3601799936,2361400064
P02458,Collagen alpha-1(II) chain (Alpha-1 type II collagen) [Cleaved into: Collagen alpha-1(II) chain; Chondrocalcin ],COL2A1,58861000,5183000,2392000,27529000,100990000,105460000,112030000,35785000,150210000,41155000,86997000,81001000,96235000,134780000,80005000,107420000,439120000,488670016,601340032,1266899968,0,0,96446000,581670016,1081600000,1949400064,1869600000,1126000000,1163800064,0,1493600000,296260000,1068099968,586870016,20884000,1565699968,63758000,998489984,1085200000,91480000,35780000,36982000,36859000,410769984,49304000,477980000,2446299904,37327000,748360000,82409000,810609984,56902000,56351000,1406800000,726240000,386609984,252300000,103470000,136130000,171030000,68155000,217000000,90765000,84194000,690849984,1011900032,927729984,866030016
P02545,Prelamin-A/C [Cleaved into: Lamin-A/C (70 kDa lamin) (Renal carcinoma antigen NY-REN-32) ],LMNA,3832.100098,0,0,2304600,7993.100098,6092.600098,7226100,0,0,16854000,545140,242290,11831,0,2804700,18288,0,4102,136620,0,31741,30823,22386000,51871,41462,0,176030,8571.5,0,3638099968,0,36372,9249.700195,9316.599609,13246,0,2894.199951,0,4494300,1334400,13531000,1619600,115690,0,4850.700195,1324999936,5233300,53575,26190000,26746,4768100,760280000,19073,15875,78564,0,0,160070,354740,8419.400391,1089900,924220,148060,151400,0,8352.700195,0,0
P02647,"Apolipoprotein A-I, Apo-AI, ApoA-I (Apolipoprotein A1) [Cleaved into: Proapolipoprotein A-I, ProapoA-I; Truncated apolipoprotein A-I (Apolipoprotein A-I(1-242)) ]",APOA1,171790,0,0,13170000,0,0,4117900,0,0,3953300,1470500,0,245930,40040,8765500,81626,0,2506600,1124400,2164300,8244400,3380700,266040000,1446300,112540000,70962000,787969984,67115000,3793700,11733000,152720000,990720,268529984,9365600,1228800,177540000,549560,13792000,3731200,3414200,2226100,1052400,56313,79985,0,462929984,224350,1065800,369260000,4731.200195,227900000,188310000,2388200,362130,0,1015900,115510000,465010,5692000,0,1052300,419860,7108100,122600,14058000,728470016,2786600,0
P02656,"Apolipoprotein C-III, Apo-CIII, ApoC-III (Apolipoprotein C3)",APOC3,0,0,0,7701400,244720,0,1318500,0,1447200,1299700,0,13559000,1097400,23003000,42538000,22630000,53812000,163640000,91634000,0,294030016,167090000,12277000,63538000,206420000,70456000,19241000,23963000,9482900,27046000,96191000,54600000,355809984,4564900,402050,48361000,37709000,5902600,6855500,1486800,750600,17892000,30429000,4803700,46382000,7212100,0,1923200,23428000,603810,47434000,35586000,5782300,9992500,59097000,217650000,206860000,5406000,28394000,36125000,44437000,35770000,29796000,13188000,263510000,49019000,0,29948000
P02671,Fibrinogen alpha chain [Cleaved into: Fibrinopeptide A; Fibrinogen alpha chain ],FGA,0,4510200,14496000,2370299904,8704600,10761000,2840999936,2066800,0,183250000,2136099968,0,4745100,0,2257600000,0,0,0,0,83140000,548499968,198310000,6999099904,297460000,417580000,1110300032,48445001728,1045600000,1665400064,936540032,604160000,174530000,10871000064,747960000,194730000,12131000320,0,1029100032,339360000,159920000,273769984,13950000,755049984,517700000,0,29429000192,234310000,3045199872,7088900096,0,15747999744,7022799872,1478300032,74906000,596030016,226620000,6225900032,649710016,1144000000,0,13637000,8369100,10991000,145780000,86051000,59711000576,1445500032,194700000
P02675,Fibrinogen beta chain [Cleaved into: Fibrinopeptide B; Fibrinogen beta chain ],FGB,1069800,0,0,152090000,0,911460,107810000,0,0,7595900,11119000,0,52709,0,676440000,114870,0,0,0,207600,0,2286700,232440000,1394400,2969400,17962000,945950016,51279000,8010300,8109400,14672000,4836400,299700000,22230000,10259000,389000000,0,20778000,15744000,5286400,30455000,3832400,82610000,3806000,217220,549360000,2237500,173130000,215820000,0,262160000,636440000,228820000,6624300,5963900,5554300,61667000,54125000,88822000,0,4640800,927810,11838000,7156800,0,1497299968,36582000,6724400
P02679,Fibrinogen gamma chain,FGG,650950,23507,25907,63298000,1004600,0,63970000,0,0,4314800,5120300,216520,0,42111,151320000,0,0,0,0,0,2814700,4372400,132870000,4650600,6058000,8120100,412320000,19892000,876390,756660,6022100,963470,144120000,7287700,2395700,228640000,0,10103000,6164300,2413400,13737000,0,7982100,429720,0,283409984,1970200,96631000,63349000,69713,75403000,556169984,52138000,252910,0,727510,15430000,13999000,38140000,0,147220,0,3835600,5920200,0,759400000,14883000,0
P02751,"Fibronectin, FN (Cold-insoluble globulin, CIG) [Cleaved into: Anastellin; Ugl-Y1; Ugl-Y2; Ugl-Y3 ]",FN1,0,0,7064.5,4441000,0,12683,7146100,0,0,2254400,410480,0,4909.700195,0,16159000,10948,0,0,0,0,0,19381,27052000,44625,0,535210,365400,37323,30373,733290,0,52666,0,13053,5810.899902,367860,44587,18775,415790,32794,53880,14185000,3050800,18735,12169,3436100096,19013,209580,1894800,0,1527700,139170000,1176400,305210,507750,26831,174260,432240,1545600,17084,9740800,36023,123670,9136,0,3006800,0,0
P02763,"Alpha-1-acid glycoprotein 1, AGP 1 (Orosomucoid-1, OMD 1)",ORM1,12019000,62157,229770,471300,0,0,1674000,0,14534,1404900,10742000,205910,17964,0,8222600,0,0,0,318620,536240,11317000,7373200,56635000,2885900,16250000,77464000,751299968,14771000,12930000,5190100,17921000,11549000,705619968,21445000,2011100,25829000,0,4218900,10018000,2509800,219750,9071200,1684400,0,0,255080000,60117000,3417600,74669000,0,82923000,21574000,12871000,1025400,2656000,8032800,6169300,543870,29957000,0,1369300,0,12010000,0,0,57337000,65463000,0
P02787,"Serotransferrin, Transferrin (Beta-1 metal-binding globulin) (Siderophilin)",TF,3066000,139200,253510,6161000,13293,132730,6206400,87547,15936,2627000,4251900,27943,131340,8062.399902,14431000,306710,0,189790,181880,136470,36637,36624000,215190000,4304400,3227100,20274000,16993000,936440,0,36485000,15314000,2860900,23956000,24415000,1536900,22314000,475950,749480,44513000,2734800,2819100,4851800,1892300,448820,83256,1640899968,56638000,3644800,349360000,71637,179320000,143660000,4176200,2143800,1206600,11340000,173330,2031700,26073000,215920,4922400,1125400,24529000,4572500,294930,56000000,5766000,479480
P02788,"Lactotransferrin, Lactoferrin, EC 3.4.21.- (Growth-inhibiting protein 12) (Talalactoferrin) [Cleaved into: Lactoferricin-H, Lfcin-H; Kaliocin-1; Lactoferroxin-A; Lactoferroxin-B; Lactoferroxin-C ]",LTF,21649000,24770000,43052000,10704000,1369300,6213900,1688100,110320,4418800,2835800,82208,0,1500700,3917400,24040000,63594,17962000,28071000,10287000,16977000,6571400,1049000000,199580000,19522000,93726000,3459500,7857500,243110,85554,55906000,29337000,103690000,74071000,31341000,4112900,1659900,2976400,28008000,2528600,1075800,318750,11083000,4964000,79033000,2224600,247260000,753689984,16801000,46794000,1429800,4388800,9289400,5447800,186480000,222330000,85228000,17053000,10782000,151830000,10955000,14289000,53592000,10468000,10126000,426430,64572000,74572000,12447000
P02790,Hemopexin (Beta-1B-glycoprotein),HPX,4682300,0,17925,676940,0,125240,1901300,0,127960,1136500,76558,0,138540,0,5531100,208000,0,0,0,0,0,10175000,230030000,3504300,52040000,223120000,1660000000,203450000,4386100,478640,186710000,12019000,1569900032,22660000,870950,43533000,0,9938900,27091000,1813200,274350,962830,1320000,0,0,472849984,17659000,2351200,29484000,42918,67877000,45769000,2652400,13321000,0,7948400,130300000,2896900,21112000,0,421180,67110,15994000,0,0,234900000,19849000,0
P03973,"Antileukoproteinase, ALP (BLPI) (HUSI-1) (Mucus proteinase inhibitor, MPI) (Protease inhibitor WAP4) (Secretory leukocyte protease inhibitor) (Seminal proteinase inhibitor) (WAP four-disulfide core domain protein 4)",SLPI,44887000,15481000,31834000,1788400,0,0,0,102220,5489500,643120,0,0,0,1253100,0,0,34492000,44280000,0,0,0,664000000,98473000,3678200,15243000,3998600,7600000,0,0,48937000,9298300,542910016,7362400,33562000,2959300,7518200,2741300,6901100,0,1749100,4090600,13592000,17415000,40453000,10791000,0,269620000,12651000,3529300,1873100,3101900,6894600,7954100,28435000,93333000,57336000,3187500,34516000,32961000,18569000,21697000,17561000,17707000,22240000,9007200,5365100,5973100,0
P04075,"Fructose-bisphosphate aldolase A, EC 4.1.2.13 (Lung cancer antigen NY-LU-1) (Muscle-type aldolase)",ALDOA,534610,381640,777650,28048000,14288,89910,16328000,0,1181900,11729000,7428400,74228000,4353900,0,36494000,421560,310450,0,0,0,15361,3610900,130350000,2311900,711690,1044600,3560800,0,0,1491200000,37557,0,0,7073600,1502100,0,0,0,6052300,9302000,9943000,5545100,10397000,0,257910,2858299904,63607000,14326000,1961300,7820000,1352500,171270000,57070000,3691400,653930,7842700,326030,13442000,32944000,657970,15402000,9913800,16024000,45849000,887110,0,1008700,0
P04080,Cystatin-B (CPI-B) (Liver thiol proteinase inhibitor) (Stefin-B),CSTB,1049500,639960,1300100,450820,259020,389960,776390,0,0,1138800,0,2429000,1992900,0,6014000,0,15667000,2311900,7068100,0,0,38631000,70544000,1648900,1282500,6868600,2497200,37843000,0,125440000,0,2752900,36174000,5823800,477960,1516600,652770,23328000,21781000,1249100,414760,888390,3179000,0,0,930390016,193240000,47953000,2503100,1335000,3579600,23049000,1272800,82216000,1621600,0,3102700,2375300,1285800,0,1192700,975560,883230,8824000,0,4472000,36810000,0
P04083,Annexin A1 (Annexin I) (Annexin-1) (Calpactin II) (Calpactin-2) (Chromobindin-9) (Lipocortin I) (Phospholipase A2 inhibitory protein) (p35) [Cleaved into: Annexin Ac2-26 ],ANXA1,1915200,17409000,28039000,42054000,1034700,7503400,29816000,0,67351,30550000,7258600,1169000,36897,0,171960000,0,251790000,128880000,16093000,82872000,6225200,307220000,151650000,2880300,11408000,217220000,8588800,3919100,117910,2497400064,1287700,1365600,1651300,2478000,14172000,824190,195770,376220,42870000,35390000,24029000,65487000,41942000,0,5158400,953299968,534020000,200950000,10323000,3409600,23712000,383680000,2436600,150030000,2603400,5415100,3464400,76033000,48597000,4772400,29317000,277910,24503000,559080000,7736400,35424000,11424000,0
P04114,"Apolipoprotein B-100, Apo B-100 [Cleaved into: Apolipoprotein B-48, Apo B-48 ]",APOB,0,238160,0,47534,0,0,0,0,0,0,214480,0,0,0,141670,136220,4734700,0,0,0,0,189000,1437500,208040,5972800,1066400,360000000,27324000,5782000,710880,3928400,556190,799760000,727630,101080,10933000,210810,317390,659800,0,2041300,81333,210300,1022000,136500,9754400,1247100,6741100,818100,0,455000,756360,210330,1218500,1443100,1832700,146810000,69359,139750,219960,0,0,75248,8933200,0,311760000,723460,578320
P04406,"Glyceraldehyde-3-phosphate dehydrogenase, GAPDH, EC 1.2.1.12 (Peptidyl-cysteine S-nitrosylase GAPDH, EC 2.6.99.-)",GAPDH,326830,0,0,386510016,0,89655,208630000,0,11753000,102500000,16493000,398600000,68833000,0,803459968,6682400,2712600,609550,2303100,1290900,3028500,31037000,1077600000,37642000,824570,0,150100000,1571400,0,12600999936,3956400,6988800,2851900,76967000,24565000,4212500,3941000,945010,38706000,68001000,54054000,193700000,329080000,0,18388000,5259299840,38548000,61467000,13447000,141090000,4161500,899859968,427470016,18815000,3239600,9804900,0,121640000,479860000,964950,164390000,31390000,249890000,389270016,0,2319400,3516200,922900
P04792,"Heat shock protein beta-1, HspB1 (28 kDa heat shock protein) (Estrogen-regulated 24 kDa protein) (Heat shock 27 kDa protein, HSP 27) (Stress-responsive protein 27, SRP27)",HSPB1,0,564120,1057400,16374000,415980,1139900,16076000,36268,2391400,8660800,447160,8526800,2848200,0,1734800,0,10379000,8884900,5722000,2687600,1696600,9893600,61986000,1832600,0,9601800,62098000,5838400,0,1830899968,3009300,29076000,0,17636000,3966200,13621000,0,2989400,29359000,14015000,1680300,7248700,2119000,0,2301500,3907099904,103270000,30440000,32429000,3950200,1666200,271980000,786910,21895000,1907600,16157000,569770,25052000,37704000,657140,20490000,23265000,36477000,26345000,1916500,6044600,13740000,0
P04843,"Dolichyl-diphosphooligosaccharide--protein glycosyltransferase subunit 1 (Dolichyl-diphosphooligosaccharide--protein glycosyltransferase 67 kDa subunit) (Ribophorin I, RPN-I) (Ribophorin-1)",RPN1,215440,77088,124410,1101000,0,0,1438900,0,0,1113200,931030,115730,123020,107010,3885400,2533200,114140,0,546490,634030,0,0,9678700,242420,348160,195450,258310,669800,674330,1352400000,0,546450,557820,106890,0,718100,0,0,603320,956630,625610,3123600,4427400,501150,119860,420620000,31392,97501,68730,119220,74140,58689000,74017,592610,427570,484430,296260,1663000,4423500,0,2684300,292930,326100,34236,0,252820,660860,603650
P05783,"Keratin, type I cytoskeletal 18 (Cell proliferation-inducing gene 46 protein) (Cytokeratin-18, CK-18) (Keratin-18, K18)",KRT18,34225,103250,91190,5820,29547,92132,34512,6902.399902,88052,12719,979050,0,13162,0,200390,276380,437770,532160,254730,1169700,119860,76601,849560,0,348590,91623,7832700,697160,212240,3162200064,664870,1077300,447280,344920,223840,637300,0,188760,1330000,78254,53743,17201,0,566360,0,38497000,212300,158430,417020,0,519550,24600000,33205,266510,294180,987890,205700,188480,412670,119160,2196400,1544600,1175800,209360,273670,620610,737970,667200
P06576,"ATP synthase subunit beta, mitochondrial, EC 7.1.2.2 (ATP synthase F1 subunit beta)",ATP5F1B,0,8835.5,16146,14555000,0,3594.699951,8422400,0,356180,5653600,237760,36072000,7774300,0,39901000,4036300,0,184620,89537,0,117780,194930,134800000,0,9090.200195,0,941950,0,0,3376800000,352510,4852.5,0,0,253150,12193,0,16209,1178000,2110700,8539800,16592000,8465500,19447,35806,455640000,6015100,1696100,400200,18185000,96491,161510000,154580000,7771.399902,11280,0,15282,3018700,19728000,201620,8724000,74704,7407700,115320000,0,0,0,0
P06703,"Protein S100-A6 (Calcyclin) (Growth factor-inducible protein 2A9) (MLN 4) (Prolactin receptor-associated protein, PRA) (S100 calcium-binding protein A6)",S100A6,4244900,910410,1199200,41883000,0,129860,99087000,0,10561000,13184000,70952000,8818000,0,0,22721000,1800800,2070500,0,4770400,5985000,0,0,122430000,39910000,0,2396300,81151000,0,0,5730699776,0,6720300,6450200,17341000,6806400,7167000,0,1410300,15468000,25930000,18542000,30289000,43514000,0,1393000,854609984,39387000,11925000,21034000,3909000,6051700,252020000,11024000,2294800,3948000,5365100,1736900,8116000,16758000,1045500,30490000,0,17845000,22985000,0,8847300,0,0
P06733,"Alpha-enolase, EC 4.2.1.11 (2-phospho-D-glycerate hydro-lyase) (C-myc promoter-binding protein) (Enolase 1) (MBP-1) (MPB-1) (Non-neural enolase, NNE) (Phosphopyruvate hydratase) (Plasminogen-binding protein)",ENO1,497890,60084,57114,40298000,0,35108,37464000,0,1328400,24838000,55489000,84039000,24053000,77177,10011000,1465500,186280,133970,48142,1358100,55910,765480,290560000,1620100,0,513430,9676200,534660,0,3316900096,0,1209700,0,3570700,6768100,540400,2954600,2856400,15505000,11610000,25652000,17973000,46731000,0,199350,1947299968,41971000,32149000,636000,45020000,1126900,536689984,84127000,1440100,1220400,238550,0,23863000,59479000,1167700,23469000,8094900,65298000,221070000,107720,0,0,0
P07195,"L-lactate dehydrogenase B chain, LDH-B, EC 1.1.1.27 (LDH heart subunit, LDH-H) (Renal carcinoma antigen NY-REN-46)",LDHB,239800,0,41120,16697000,0,0,11003000,0,1110600,6634200,3103000,35215000,4735600,0,7783100,832060,3109200,3787300,2391600,2491600,0,0,118610000,145220,0,0,4859100,0,0,1527699968,0,0,0,2935500,2142400,0,126080,0,178490,1442600,7490200,5663200,9841300,0,1151900,127190000,3691400,5554100,350250,18079000,233290,191340000,36977000,0,50453,501190,78406,10722000,25278000,189310,11104000,7043200,14664000,58727000,3087400,0,0,488330
P07237,"Protein disulfide-isomerase, PDI, EC 5.3.4.1 (Cellular thyroid hormone-binding protein) (Prolyl 4-hydroxylase subunit beta) (p55)",P4HB,77777,60971,64663,739670,0,0,7171100,0,0,429450,6450200,109210,19894,0,24391000,21392,477500,167830,78975,73494,15603,54953,44795000,70232,158530,144350,787000,339230,99286,1240400000,85610,0,229630,92170,10966,0,752910,0,1538100,451760,1151300,6090500,10886000,0,33374,557449984,8802200,1049300,87250,21149,0,57897000,2914200,104980,99839,0,37023,5315000,12781000,207090,19428000,80597,5608900,3267800,1041600,63467,320850,195870
P07339,"Cathepsin D, EC 3.4.23.5 [Cleaved into: Cathepsin D light chain; Cathepsin D heavy chain ]",CTSD,0,0,0,179310000,0,3869400,69447000,912910,3319600,1849500,11536000,94957000,16760000,4770500,92197000,0,7961400,11662000,0,4990000,7594400,5928600,313230016,17214000,35663000,799230016,255660000,3553800,8200200192,3138599936,23026000,36335000,497860000,48845000,16417000,34850000,0,53099000,72072000,6671200,13258000,44053000,38575000,2762000,5324300,26441000960,50361000,39012000,23237000,4870400,8527600,1921799936,157520000,169110000,127220000,537889984,2923700,84196000,106670000,0,189700000,33723000,161650000,83813000,0,7768500224,64097001472,7003299840
P07355,"Annexin A2 (Annexin II) (Annexin-2) (Calpactin I heavy chain) (Calpactin-1 heavy chain) (Chromobindin-8) (Lipocortin II) (Placental anticoagulant protein IV, PAP-IV) (Protein I) (p36)",ANXA2,251800,954900,2257600,9693800,11184,1528200,39618000,0,2009300,107090000,5616400,17300000,0,2255000,117600000,0,34138000,18747000,341080,2884400,524530,19868000,94352000,1967600,1064300,12172000,770030,194390,312730,5018200064,196740,189530,265590,2414100,2150600,4103500,663430,71088,92920000,5819500,105910000,85555000,32708000,126500,587230,2092000000,114140000,20077000,24749000,40056,8648100,2001500032,9098200,21687000,95339,3781100,202300,59603000,61617000,4528500,105210000,2365600,37674000,89689000,0,13158000,4287900,225300
P07737,Profilin-1 (Epididymis tissue protein Li 184a) (Profilin I),PFN1,1329100,41780,70216,29232000,0,0,20578000,0,321500,29672000,6566100,3004700,763940,0,3496400,0,0,0,0,894610,0,12450000,122090000,5447100,0,10461000,15697000,0,4271200,1876800000,976220,487870,1028300,14094000,3395700,0,1173100,2614600,6262300,4145100,16230000,9067200,3549300,237230,1791600,1599600000,14410000,7776000,11209000,1638100,1143800,410710016,2324800,1019000,255180,953180,1022300,10825000,26576000,278760,15657000,14809000,9104600,14601000,0,1158900,0,279200
P07900,"Heat shock protein HSP 90-alpha, EC 3.6.4.10 (Heat shock 86 kDa, HSP 86, HSP86) (Lipopolysaccharide-associated protein 2, LAP-2, LPS-associated protein 2) (Renal carcinoma antigen NY-REN-38)",HSP90AA1,0,0,0,11669000,0,0,5556200,0,441450,1495800,3499200,15972000,551900,43212,5843900,146090,296230,275660,349990,302390,0,439210,82804000,349440,428200,454340,918940,1067300,501700,2432999936,947930,365370,495090,5340400,2190700,1144000,0,356380,643310,1212400,2063300,859870,3397800,414370,612080,220190000,2997200,2685500,680060,4485100,592180,73274000,3794600,537010,1037100,2102300,260860,4555400,9192500,0,4520900,6110600,2323500,8578100,372310,722360,803180,668320
P08123,Collagen alpha-2(I) chain (Alpha-2 type I collagen),COL1A2,87441000,12251000,16619000,67375000,100150000,108240000,216570000,43241000,179240000,64108000,204790000,133330000,209980000,305920000,309720000,262310000,1325299968,876200000,1599800064,1794800000,0,0,117850000,1892000000,1450499968,516209984,489670016,1074599936,421390016,102520000,1534300032,3357900032,1473299968,564400000,64218000,902120000,209080000,1575600000,998070016,232170000,156970000,347660000,128970000,1250899968,190500000,4789700096,83821000,82710000,727980032,253990000,1365299968,895710016,499969984,1235600000,669409984,476769984,948070016,380190016,553100032,375569984,432820000,901009984,564560000,94487000,630529984,243100000,172980000,802430016
P08133,"Annexin A6 (67 kDa calelectrin) (Annexin VI) (Annexin-6) (Calphobindin-II, CPB-II) (Chromobindin-20) (Lipocortin VI) (Protein III) (p68) (p70)",ANXA6,0,91421,0,9554800,0,0,8088800,0,67394,8068300,115060,14322000,483210,33520,25779000,1180900,0,0,146020,0,0,45210000,105320000,1061700,797110,1395600,835600,1555200,1798600,98728000,1417500,1055400,1424300,867180,84211,1201900,863300,929830,1588400,228170,45633000,7821500,14168000,1053900,1238000,889830016,3586000,0,1481200,290850,1213600,261420000,19759000,233280,1770600,1532700,1096300,7456800,7516500,0,4409200,0,12693000,20516000,0,1948600,3189600,1618400
P08238,"Heat shock protein HSP 90-beta, HSP 90 (Heat shock 84 kDa, HSP 84, HSP84)",HSP90AB1,48141,24475,599140,27809000,0,85008,35970000,0,1863700,14012000,43034000,22615000,1978800,0,30434000,240110,533070,181400,269180,0,0,256050,147830000,1296300,26596,304020,608240,290550,0,7243299840,156810,0,1076000,44224000,8789600,0,98810,3659600,834730,3606000,8973500,19521000,3923100,0,2529900,2251200000,12972000,16989000,91023,11270000,0,252660000,3623400,2998900,0,1812200,735390,30872000,24800000,269000,27321000,30579000,5492300,15217000,230930,439560,0,0
P08670,Vimentin,VIM,125290,92996,103990,284369984,12689,32495,384700000,1071.5,75572,457880000,18492000,10580000,1527700,978770,397609984,2690100,5051200,1597100,36190000,108020,0,1322900,2929400064,26774000,0,0,10551000,62384,0,1224600064,1953200,3399700,0,1460000,4457600,3760600,194630,0,126610000,50154000,923240000,194110000,318240000,213540,37360000,5216799744,13970000,15319000,765059968,1514800,235410000,5717000192,12689000,280390,267920,2015900,265430,200540000,292169984,16446000,404080000,13999000,41682000,87867000,447170,0,41336,22459
P08727,"Keratin, type I cytoskeletal 19 (Cytokeratin-19, CK-19) (Keratin-19, K19)",KRT19,760620,39710,114490,9870.299805,0,0,0,0,548740,0,4003900,15110,0,0,231980,236580,25820000,20353000,4861100,13921000,26389000,28823000,12121000,344310,1812400,4061700,87907000,902880,0,6120699904,18282000,30316000,3713500,6708300,766240,21996000,728630,45610,13387000,5600000,292270,582940,134690,652720,34278,1114000000,50758000,5358600,562330,0,5411500,30817000,813130,4652200,7506400,18085000,18972,9610400,9700900,789360,13859000,7996700,27575000,6732800,22708000,2677600,3638700,362340
P09211,"Glutathione S-transferase P, EC 2.5.1.18 (GST class-pi) (GSTP1-1)",GSTP1,4061300,1534100,3710000,9399200,157040,395430,13540000,0,11216000,25592000,0,22779000,5637600,0,38449000,0,8148400,3943800,1563800,5601300,0,45944000,136890000,2233900,0,0,227480000,0,0,1398300032,7925000,16163000,6670200,126520000,23888000,18352000,14573000,2147000,57633000,7488600,50243000,32653000,31277000,0,14000000,796049984,100440000,68240000,0,20580000,0,361070016,27104000,33250000,0,62628000,0,146570000,203380000,6540600,159510000,77267000,88438000,136980000,0,0,0,1640300
P09382,"Galectin-1, Gal-1 (14 kDa laminin-binding protein, HLBP14) (14 kDa lectin) (Beta-galactoside-binding lectin L-14-I) (Galaptin) (HBL) (HPL) (Lactose-binding lectin 1) (Lectin galactoside-binding soluble 1) (Putative MAPK-activating protein PM12) (S-Lac lectin 1)",LGALS1,0,0,0,14988000,57845,0,154790000,0,1275400,21351000,4457200,14040000,5179600,111580,91034000,1127500,529760,0,1442900,0,1762600,2793300,213090000,16528000,2498500,2508900,0,0,0,1428199936,0,933770,4150600,0,292660,0,957830,0,96115000,7576100,117400000,27619000,51845000,0,4891100,6586800128,717190,3852800,108940000,4575900,58356000,1402000000,37744000,0,0,3673800,632470,34979000,113740000,4957900,57518000,973240,15162000,30581000,0,2740300,4117200,0
P0C0L4,Complement C4-A (Acidic complement C4) (C3 and PZP-like alpha-2-macroglobulin domain-containing protein 2) [Cleaved into: Complement C4 beta chain; Complement C4-A alpha chain; C4a anaphylatoxin; C4b-A; C4d-A; Complement C4 gamma chain ],C4A,345750,7053.899902,13894,319410,118470,463880,319770,0,385010,38525,117470,12391,0,0,9527700,49914,92030,0,0,0,0,694340,16432000,203430,166600000,107410000,820880000,146010000,1265700,2471900,32070000,334480,497249984,535810,184990,13202000,235130,129670,0,1025100,32811,2159500,3238200,0,61767,201700000,10704000,343260,12170000,589400,26013000,18692000,7614500,361150,1372600,0,76053000,2639000,17134000,105570,425130,602840,6553600,462920,0,47417000,0,610150
P0DMV9,"Heat shock 70 kDa protein 1B (Heat shock 70 kDa protein 2, HSP70-2, HSP70.2)",HSPA1B,165900,50511,101140,8327100,0,17830,2762900,0,326740,3856100,2209400,7715800,1237700,6223.399902,2449700,0,298190,160680,97076,64384,0,609200,23649000,390320,0,664820,56495000,0,17278,1612999936,10517,3620500,110470,16571000,3325500,201000,301520,35899,3532600,1383000,19635000,2008700,2265500,592270,828530,929340032,7928700,7101000,108260,4881300,86089,209820000,3351300,186110,61820,6975500,31633,14356000,15042000,241300,11982000,8423500,9160900,14342000,0,292540,0,0
P0DOY3,Immunoglobulin lambda constant 3 (Ig lambda chain C region DOT) (Ig lambda chain C region NEWM) (Ig lambda-3 chain C regions),IGLC3,75509000,22095000,39710000,72059000,0,4606400,27524000,0,8102600,50226000,35559000,620420,3384800,1116300,213270000,8371000,52363000,89046000,23472000,46301000,84766000,898969984,698460032,61948000,61720000,115810000,388510016,7203900,8566200,1068300032,56168000,202550000,65582000,189420000,30121000,148560000,85675000,43897000,39456000,27245000,16581000,106610000,72950000,69837000,34062000,4526000128,842510016,157490000,530560000,33280000,169650000,630000000,85710000,156700000,92878000,246430000,22103000,113050000,279649984,42613000,89029000,73218000,92989000,50879000,4142800,145950000,270660000,21669000
P0DP25,Calmodulin-3,CALM3,15571000,2928700,3578900,22842000,493040,619520,9215000,0,6349400,5676700,4321800,4575600,3617900,692010,85425000,0,13589000,15611000,14558000,10091000,25367000,24717000,161590000,7628400,7257200,0,111050000,14815000,0,327729984,16831000,26600000,0,43748000,4535100,10785000,3438200,15136000,30767000,22394000,36198000,10402000,15161000,0,5439800,297940000,124420000,7317600,23678000,1822100,1842900,575270016,36068000,0,0,0,0,31616000,48851000,7869900,53243000,5470900,53849000,31095000,8505200,0,9444500,0
P0DUB6,"Alpha-amylase 1A, EC 3.2.1.1 (1,4-alpha-D-glucan glucanohydrolase 1) (Salivary alpha-amylase)",AMY1A,66323000,13370000,18275000,7629900,6164000,114020,0,0,0,1801400,34084000,61161,7891600,0,0,2158100,196320,107920000,6973000,126590000,41507000,166780000,27473000,80131000,152930000,21550000,0,17099000,35681000,0,0,0,39201000,40005000,4765000,1623100,788569984,966450,6799600,2596800,75528,6587700,3127300,9069800,5513400,787450,136440000,130060000,32306000,60915000,12473000,29985000,30623000,199630000,95616000,23198000,6952900,35082000,587770,185570,161660,174470,275950,11521000,337609984,207790000,58707000,33335000
P10599,"Thioredoxin, Trx (ATL-derived factor, ADF) (Surface-associated sulphydryl protein, SASP) (allergen Hom s Trx)",TXN,7242700,7120100,5987600,11175000,3680700,4150700,4945100,0,6632100,10915000,112680000,0,6259700,0,9646500,0,21968000,12876000,6529700,36343000,2068200,20459000,86960000,11808000,7129200,4195700,6426700,61546000,0,418780000,48877000,12589000,9713400,51864000,6684900,8643600,3390700,13272000,23602000,13697000,4857300,7875700,5362200,6037300,3927000,298220000,220520000,47784000,0,2050600,6014600,90228000,3156600,14710000,25838000,15088000,7213000,33845000,66773000,3366400,55701000,37635000,50042000,35540000,0,4692100,58863000,6472600
P10809,"60 kDa heat shock protein, mitochondrial, EC 5.6.1.7 (60 kDa chaperonin) (Chaperonin 60, CPN60) (Heat shock protein 60, HSP-60, Hsp60) (HuCHA60) (Mitochondrial matrix protein P1) (P60 lymphocyte protein)",HSPD1,332860,0,5317.700195,13689000,231110,156870,5891200,27446,50650,1021400,16922000,11315000,332570,193770,60802000,930170,4552800,6704000,5753500,1219100,4310800,2151400,43084000,100650,0,60453,0,0,0,7595100160,268400,2100000,102680,0,101880,112460,485640,102290,2073500,1468500,1565500,15134000,27973000,0,506730,582510016,4440200,851190,258630,4432100,34562,46890000,57883000,173870,258040,0,196140,9969300,43113000,518400,8475800,1206200,13415000,24274000,8005400,0,0,288570
P10909,"Clusterin (Aging-associated gene 4 protein) (Apolipoprotein J, Apo-J) (Complement cytolysis inhibitor, CLI) (Complement-associated protein SP-40,40) (Ku70-binding protein 1) (NA1/NA2) (Sulfated glycoprotein 2, SGP-2) (Testosterone-repressed prostate message 2, TRPM-2) [Cleaved into: Clusterin beta chain (ApoJalpha) (Complement cytolysis inhibitor a chain); Clusterin alpha chain (ApoJbeta) (Complement cytolysis inhibitor b chain) ]",CLU,141830,401290,710220,30331000,0,0,21435000,0,62750,1881300,2386000,82806,47702,0,48807000,0,0,1029400,0,133700,0,14291000,67228000,0,22555000,24666000,260020000,15910000,15534000,34001000,25289000,74884000,233750000,7404700,930960,17817000,0,4929100,2411700,3729600,4308700,1476200,8154100,4558100,0,113200000,27470000,14245000,36246000,631170,29528000,183690000,296480,18010000,124630000,8323600,93592000,6500200,16623000,0,1349000,2167200,2991200,6681600,1676600,68456000,3100900,0
P11142,"Heat shock cognate 71 kDa protein, EC 3.6.4.10 (Heat shock 70 kDa protein 8) (Lipopolysaccharide-associated protein 1, LAP-1, LPS-associated protein 1)",HSPA8,140580,7843,0,25141000,0,39870,21942000,0,1272200,13304000,7327900,39965000,3170400,0,13333000,480630,338880,0,1028900,306580,0,1733100,111710000,2160600,0,0,45266000,339700,709430,4347800064,3569600,4345300,0,21199000,4850400,2688300,0,0,7705300,6021000,13172000,4781400,4133400,70564,1895700,747110016,10502000,5995500,3647800,10072000,2458600,289820000,8414400,1443200,2953300,8384300,59709,15855000,28247000,252910,20660000,13759000,8133300,23689000,0,0,1214300,0
P12111,Collagen alpha-3(VI) chain,COL6A3,39675,3547.899902,7298.700195,3136800,0,8417.299805,11844000,0,7280.399902,4748600,2195100,6460.5,0,3209.300049,35195000,154480,32469,0,18257,39697,0,0,61328000,145910,47468,114000,72224,58994,177530,272640000,34931,97139,121050,102770,2301.5,67624,0,94060,2514300,18191,2537700,3735200,1229200,77960,0,1544400000,87663,53714,2210000,0,1044900,675009984,539960,143770,341440,117300,87376,3669100,32675000,624230,1470000,820990,4088700,11740,34572,41237,47684,0
P12273,"Prolactin-inducible protein (Gross cystic disease fluid protein 15, GCDFP-15) (Prolactin-induced protein) (Secretory actin-binding protein, SABP) (gp17)",PIP,13641000,1941500,5618700,0,554830,6049400,0,0,6184900,4076400,10530000,0,146380,4622800,11549000,1247200,20610000,69029000,11675000,67273000,12938000,310220000,22247000,3417600,49283000,29306000,14919000,12821000,1378800,10417000,18245000,43838000,96327000,27798000,2858500,59198000,38785000,50889000,25088000,2241500,1130800,13147000,17536000,19684000,14299000,153000000,164320000,47560000,35106000,7711700,7032000,385780,20637000,118860000,356540000,97248000,23436000,44696000,53264000,20749000,28473000,35824000,30546000,80456000,11883000,54974000,71517000,34162000
P14136,"Glial fibrillary acidic protein, GFAP",GFAP,0,9778,4997.799805,1011900032,0,15466,237280000,11157,61048000,7235.200195,0,350960000,156740000,10711,798110016,8056100,59171,0,83131,46768,34283,24704,1589200000,42424,48546,584000,0,0,155970,6097200,0,0,38722,92993,12586000,0,346940,52560,0,121870000,11456,2303200,346100000,47488,7501000,212460,928070,9479500,193140,66657000,0,555220,41267000,0,119260,0,42153,110010000,131240000,717850,760130,621200,299940000,648460032,380540,0,207380,148330
P14618,"Pyruvate kinase PKM, EC 2.7.1.40 (Cytosolic thyroid hormone-binding protein, CTHBP) (Opa-interacting protein 3, OIP-3) (Pyruvate kinase 2/3) (Pyruvate kinase muscle isozyme) (Threonine-protein kinase PKM2, EC 2.7.11.1) (Thyroid hormone-binding protein 1, THBP1) (Tumor M2-PK) (Tyrosine-protein kinase PKM2, EC 2.7.10.2) (p58)",PKM,41234,0,12155,39623000,0,0,32453000,0,1944400,12490000,6588100,43053000,4235400,0,88407000,4695800,0,126290,161810,371180,175910,1311800,183210000,1039100,277400,19724,42771000,113200,0,1679200000,487460,1159000,660590,24754000,5047300,0,958320,316850,26823000,4487900,18051000,44620000,66138000,81770,2275000,1911699968,5911400,15995000,0,16558000,289660,295569984,50580000,552480,1684200,11765000,152450,39617000,52547000,453990,37417000,11694000,57322000,60503000,0,238150,181500,0
P14625,"Endoplasmin (94 kDa glucose-regulated protein, GRP-94) (Heat shock protein 90 kDa beta member 1) (Tumor rejection antigen 1) (gp96 homolog)",HSP90B1,29402,49128,0,5602200,34969,13874,6934100,194980,0,2572100,9627300,390810,0,42714,17913000,33790,0,0,124140,1778600,0,0,48979000,136020,1115600,1284700,939940,1071300,184620,1614400000,1445100,1466100,496650,1042900,48211,944630,341200,320780,203790,948300,1570300,1909400,7878700,92588,59274,652680000,215870,101350,769550,25566,797650,63100000,1979500,977390,418920,1034300,0,4291500,5362300,83031,12103000,54960,2078500,1365700,827600,1110600,0,0
P15311,Ezrin (Cytovillin) (Villin-2) (p81),EZR,0,489730,349760,940650,82031,18945,1451500,133570,392480,594270,240150,204860,201630,313640,15028000,1035300,217990,618440,556430,0,1933800,10194000,67608000,769350,0,493720,18906000,6708400,0,1979500032,856910,4235400,664180,14737000,1791800,0,37468,0,122570,265440,4119100,2338100,5977500,0,894670,242220000,15393000,26744000,0,411110,0,47223000,1220100,158510,814300,5340500,0,29135000,43597000,78575,18493000,5250600,18871000,14750000,1107600,751560,462810,249620
P18669,"Phosphoglycerate mutase 1, EC 5.4.2.11, EC 5.4.2.4 (BPG-dependent PGAM 1) (Phosphoglycerate mutase isozyme B, PGAM-B)",PGAM1,2079800,0,516720,11579000,0,207320,19338000,0,1212700,18227000,2231800,105460000,9668400,0,8603900,1581400,1056000,1075500,617320,0,0,5103300,171720000,2594300,4292000,723070,11537000,0,0,710190016,1738700,4344700,2166500,12030000,1102400,1136700,0,0,0,4046300,24114000,3090000,4540200,1029100,0,981600000,35471000,6101300,2225400,52853000,2078400,232200000,12596000,29597000,0,709150,2197900,9191100,14271000,1247800,14336000,13755000,17565000,44869000,868990,10314000,0,0
P20585,"DNA mismatch repair protein Msh3, hMSH3 (Divergent upstream protein, DUP) (Mismatch repair protein 1, MRP1)",MSH3,137060000,0,0,10518000,10081000,7579700,12716000,5584200,15399000,5013900,15127000,7114300,7326900,0,273569984,340700000,76381000,134170000,0,86657000,136990000,153310000,0,0,76728000,57469000,0,20618000,0,0,0,10708000,18255000,26883000,14119000,7763400,110920000,11418000,0,14074000,2494100,3859500,187690000,11808000,0,16989000,0,0,0,0,24111000,8617400,157420000,0,44238000,0,15778000,179800000,165850000,203460000,179760000,368440000,88033000,9354700,82311000,0,0,60476000
P21333,"Filamin-A, FLN-A (Actin-binding protein 280, ABP-280) (Alpha-filamin) (Endothelial actin-binding protein) (Filamin-1) (Non-muscle filamin)",FLNA,53860,0,0,5667100,14073,0,10908000,0,25233,4273700,1779700,20221,0,118370,51758000,118570,33910,0,0,507700,159720,98870,67630000,261890,382100,0,227970,696980,0,590179968,294000,0,235530,110800,35529,80444,0,375190,553480,335360,2621400,2070100,11863000,0,234660,1644099968,447380,35147,233130,88442,0,443790016,5446100,109020,417560,378160,192030,1196400,15991000,302920,7512400,350680,644950,106250,29982,100960,226880,110740
P23528,"Cofilin-1 (18 kDa phosphoprotein, p18) (Cofilin, non-muscle isoform)",CFL1,2079000,684490,532310,23859000,2592000,493460,26979000,0,2325900,38153000,14013000,45488000,8790000,100510,291400000,6875100,312660,3521100,508240,1229300,0,289070,872979968,12685000,2206600,0,98502000,1376500,333370,1375600000,8209100,14984000,3196900,15001000,5642600,7105800,14180000,1538900,58070000,12686000,20631000,57235000,66678000,0,8034100,2836900096,78230000,36781000,56878000,25178000,28250000,491640000,121960000,5066800,0,11246000,5526300,38903000,205520000,4186400,92985000,28989000,114860000,107110000,4481500,2444000,0,1243700
P25311,"Zinc-alpha-2-glycoprotein, Zn-alpha-2-GP, Zn-alpha-2-glycoprotein",AZGP1,25417000,1907500,8151100,168410,0,0,0,0,0,0,108720,0,0,0,0,2529700,352760,6612800,389080,4963700,6141800,102440000,95681000,0,12837000,2841000,57824000,6291100,0,13643000,20698000,62452000,95370000,13072000,131020,14380000,3567000,8502200,4744300,164750,85134,0,0,8141100,0,138550000,267760000,5308900,50138000,352150,9522900,9538400,878210,64262000,53218000,59323000,4969200,0,2787600,0,0,2931000,2582700,0,545210,25969000,29132000,6657800
P25705,"ATP synthase subunit alpha, mitochondrial (ATP synthase F1 subunit alpha)",ATP5F1A,100250,0,0,30252000,0,21761,9231300,0,207630,5075700,8989200,42042000,2076500,0,7880400,1776700,104530,56940,0,0,3600700,2858400,89970000,392110,0,0,214610,0,0,3153100032,0,71300,0,143730,358820,597050,0,1647300,522270,1429600,8137100,10388000,7194300,0,432220,737769984,12676000,3092500,1480400,9898400,2114600,159690000,98907000,0,3415700,0,0,5318000,23155000,76872,8332900,319580,17941000,61881000,0,0,136490,423660
P26038,Moesin (Membrane-organizing extension spike protein),MSN,235390,205350,193450,2679000,0,0,8169800,39257,91004,1758900,67300,3930100,260130,0,28243000,157160,221230,0,0,290480,0,4451300,17850000,612250,89688,0,15280000,0,184830,1364899968,612900,1964200,584800,6848500,252100,455900,215630,8847700,748130,1716200,3079100,8434500,11430000,6373400,224750,1183299968,14472000,1533200,1731800,180660,357340,134560000,2216000,0,510160,7590000,0,4813400,12520000,1668900,5430200,3296100,26971000,2331500,160270,0,0,104490
P26641,"Elongation factor 1-gamma, EF-1-gamma (eEF-1B gamma)",EEF1G,20105,0,5290.5,1490100,0,0,714120,0,98160,1125900,394540,887030,444370,0,1723000,30358,0,0,0,449440,36932,1203700,14122000,74869,79779,0,0,50102,0,591390016,0,1255000,0,19765,185970,0,0,1159500,1076100,523100,372860,1207200,773480,498460,19600,358780000,1525300,2739500,60482,234090,653520,17977000,624420,1055500,66475,1271700,0,1495100,3323400,0,2792300,1874800,1374200,1723700,30843,0,0,0
P27824,Calnexin (IP90) (Major histocompatibility complex class I antigen-binding protein p88) (p90),CANX,0,0,0,17490000,0,613990,21037000,221900,1750800,4364100,1142100,3142000,0,331180,92942000,0,13633000,0,11497000,56791000,177870000,128440000,140690000,3348300,0,8202900,13491000,102960000,160760000,1666899968,100060000,116780000,79194000,98989000,0,76504000,4437400,88022000,91003000,7536300,5249200,12721000,82864000,6442500,3621900,313929984,6992100,16042000,80417000,0,87014000,153210000,16833000,110720000,109780000,0,1827300,21330000,47830000,0,14274000,4485100,46825000,53596000,18978000,87340000,181790000,99062000
P29401,"Transketolase, TK, EC 2.2.1.1",TKT,767960,134030,228990,4295600,0,0,4790200,0,0,1856500,900500,4016500,532170,0,19484000,17492,0,47880,0,0,134840,136540,18394000,279970,0,0,4593600,0,0,1709200000,0,411620,0,5237500,460400,487730,4161800,0,0,2179400,2115800,5271300,9037000,0,88784,394270016,13342000,3345900,552080,3975000,138600,116230000,12832000,698790,69539,334480,69575,6068000,17711000,0,4780800,680690,13558000,20527000,0,131190,628640,0
P30041,"Peroxiredoxin-6, EC 1.11.1.27 (1-Cys peroxiredoxin, 1-Cys PRX) (24 kDa protein) (Acidic calcium-independent phospholipase A2, aiPLA2, EC 3.1.1.4) (Antioxidant protein 2) (Glutathione-dependent peroxiredoxin) (Liver 2D page spot 40) (Lysophosphatidylcholine acyltransferase 5, LPC acyltransferase 5, LPCAT-5, Lyso-PC acyltransferase 5, EC 2.3.1.23) (Non-selenium glutathione peroxidase, NSGPx) (Red blood cells page spot 12)",PRDX6,0,207240,0,7795100,0,0,6959100,0,707850,3887200,829190,21141000,3521500,0,34958000,206510,217110,0,0,0,0,887850,53100000,4048500,7177600,7672500,22250000,3876700,0,435750016,4751200,1350000,1880700,2342400,1203100,3422800,315740,385820,2462400,1646500,10892000,3831100,6924500,4078700,259070,564670016,4302100,9766300,0,7265500,686780,221210000,26854000,0,258400,1477000,2651300,18970000,27844000,320350,18884000,3420700,26586000,59731000,0,7018500,9050900,5088300
P30740,"Leukocyte elastase inhibitor, LEI (Monocyte/neutrophil elastase inhibitor, EI, M/NEI) (Peptidase inhibitor 2, PI-2) (Serpin B1)",SERPINB1,2122000,1541600,2519400,1579700,696350,0,1291700,0,0,2889900,1180600,0,3957100,0,0,0,1255100,1179000,12805000,1176200,730270,29404000,15809000,3693200,4291600,2905600,3031800,3452200,2106400,226820000,3166100,3986200,7262900,7449900,4046900,3956500,9520200,5012900,17578000,5595600,7765100,3424000,2048300,2252500,2623000,9703900,172870000,17119000,8363900,0,3002700,38829000,0,2268600,2796200,3220100,2796900,19273000,17240000,0,13516000,7482000,4244700,26076000,0,3207900,5960300,3366400
P31025,"Lipocalin-1 (Tear lipocalin, Tlc) (Tear prealbumin, TP) (von Ebner gland protein, VEG protein)",LCN1,18345000,95698000,145230000,6519300,914230,12862000,0,92699,1527900,2538300,4111800,0,6166900,15157000,12237000,496180,18503000,119620000,10148000,26172000,6301600,99415000,153810000,10342000,14023000,0,0,2588300,22798000,0,0,0,45110000,154880000,8798700,0,4793900,132720000,26405000,1813100,0,2724700,4570300,31402000,6081400,904600,247670000,2537500,5304300,4187500,13934000,8824600,9733300,145480000,22135000,0,27836000,4869700,6129500,0,0,19258000,0,7426600,8695400,61308000,31648000,19573000
P31150,"Rab GDP dissociation inhibitor alpha, Rab GDI alpha (Guanosine diphosphate dissociation inhibitor 1, GDI-1) (Oligophrenin-2) (Protein XAP-4)",GDI1,0,0,0,91588000,0,0,19915000,444250,4191400,8181600,0,325480000,13414000,1207800,562870016,20828000,15934000,46873000,27716000,31625000,25788000,5388800,1251100032,6604000,0,162290000,8554600,0,17356000,1369100032,0,111360000,0,7224400,4855800,0,0,0,5735700,3843200,21238000,52050000,196020000,781200000,8574300,6893899776,37621000,18505000,0,251310000,0,371710016,512140000,0,0,10641000,0,56009000,327380000,1208700,137600000,4818900,228310000,514049984,18761000,616880000,23203000,0
P31946,"14-3-3 protein beta/alpha (Protein 1054) (Protein kinase C inhibitor protein 1, KCIP-1) [Cleaved into: 14-3-3 protein beta/alpha, N-terminally processed ]",YWHAB,123390,0,26788,13849000,0,0,1661500,0,198970,7482100,197460,40229000,278790,0,31967000,420040,202480,0,283500,478150,388640,687820,69292000,472320,0,0,2975900,509190,0,972910016,538180,855080,347710,1847400,178500,0,0,0,936610,457730,1228800,526470,916750,0,0,567180032,6245100,2693300,983250,8400300,0,189890000,1589400,751510,0,1723900,0,1097100,5503000,0,1404400,928590,4319300,12808000,1958500,562830,836560,0
P31947,14-3-3 protein sigma (Epithelial cell marker protein 1) (Stratifin),SFN,0,74231,101880,0,0,62455,0,0,0,165000,3887900,59865000,339730,0,377350,0,5021600,1156000,926420,4883000,3855000,5830900,35791000,377450,1368900,1180700,2204600,38871000,280420,1690899968,123550,1047800,845340,8963500,242580,456180,0,2856200,101670000,1631600,8494600,414870,277580,0,138420,251740000,32408000,6651400,329630,183260,1422100,4711500,249590,17255000,725270,0,846680,2600700,1083200,0,438030,675570,3126200,8713500,338290,1513800,27947000,358290
P31949,"Protein S100-A11 (Calgizzarin) (Metastatic lymph node gene 70 protein, MLN 70) (Protein S100-C) (S100 calcium-binding protein A11) [Cleaved into: Protein S100-A11, N-terminally processed ]",S100A11,2081100,384700,480760,10351000,0,57537,6886600,0,677760,13452000,27096000,1173200,79297,269950,13384000,0,14161000,11612000,0,971090,1985600,7598400,22755000,24512000,3769300,5261400,122460000,1833500,0,515009984,29135000,27362000,8849000,17090000,1829600,29192000,226570,1526000,29132000,7277400,14923000,17547000,11422000,823600,1877300,2088400000,37868000,14526000,2496900,156070,1911700,211230000,3274600,32042000,9639700,21528000,0,19534000,39615000,340480,60235000,8275400,9748000,24414000,0,4791400,1994900,575000
P32119,"Peroxiredoxin-2, EC 1.11.1.24 (Natural killer cell-enhancing factor B, NKEF-B) (PRP) (Thiol-specific antioxidant protein, TSA) (Thioredoxin peroxidase 1) (Thioredoxin-dependent peroxide reductase 1) (Thioredoxin-dependent peroxiredoxin 2)",PRDX2,152280,0,93456,66309000,0,0,11556000,0,658440,8225000,19097000,22562000,1524700,0,65264000,2090600,0,0,339170,0,0,327650,183030000,5284300,1191900,1040800,51463000,247140,0,727449984,0,1381200,12178000,9488500,902980,1294700,0,867480,9349900,3386600,15799000,3297300,4688100,0,317030,1042300032,11681000,7964600,34088000,10996000,42546000,307049984,27432000,236130,3560700,16562000,3805200,7045100,50553000,875050,4947300,2329900,68929000,29975000,0,496140,1142600,0
P35579,"Myosin-9 (Cellular myosin heavy chain, type A) (Myosin heavy chain 9) (Myosin heavy chain, non-muscle IIa) (Non-muscle myosin heavy chain A, NMMHC-A) (Non-muscle myosin heavy chain IIa, NMMHC II-a, NMMHC-IIA)",MYH9,44304,5027.399902,11775,4171000,5391.600098,2255.399902,3030000,4804.100098,0,2772700,1419200,12010,6870.100098,0,96071000,233940,98192,119140,45264,0,2170800,465810,45598000,489540,329110,26537,3289000,949080,23154,465070016,329440,18965,55234,147010,136650,37316,22157,22256,1480200,626880,989380,2682800,5304400,30167,21788,4580100096,4794900,1053600,5386800,7956.799805,1071400,146860000,2319000,219610,300070,43804,113530,12116000,5734800,191380,3141300,276630,173720,2486600,67983,273180,258730,323150
P37802,Transgelin-2 (Epididymis tissue protein Li 7e) (SM22-alpha homolog),TAGLN2,805850,0,201450,1057800,0,0,4254900,0,241540,1416400,6131000,286620,2332400,0,30605000,0,0,1494200,0,0,0,1168000,6087600,1830100,0,2209300,9599300,0,290680,173720000,1627400,748840,0,3468600,479860,0,0,0,12301000,2648400,1237900,4385600,12428000,0,551400,1193799936,3080300,824220,3235500,743880,1384600,74569000,5815400,642820,584160,1644600,846560,9515500,11693000,233050,10201000,3726800,5572600,2643700,0,0,441350,0
P40926,"Malate dehydrogenase, mitochondrial, EC 1.1.1.37",MDH2,2429900,0,0,86448000,0,0,42642000,0,2080000,17014000,14996000,184260000,10770000,0,27695000,5727100,10458000,22185000,12384000,0,675040,16149000,414660000,16619000,5605700,788270,1200200,19268000,0,6564700160,0,2976900,0,1226300,1294400,937360,3819600,3031900,15488000,9219300,20737000,4575500,10589000,4883700,1308900,5596299776,24040000,10950000,9537300,22708000,2494900,459660000,56999000,6752900,0,14727000,2289900,8769700,30759000,848490,7347600,1511700,21189000,96060000,13561000,12974000,3240800,11428000
P42704,"Leucine-rich PPR motif-containing protein, mitochondrial (130 kDa leucine-rich protein, LRP 130) (GP130)",LRPPRC,16926,2198,2925.899902,7986.5,36032,31520,10983,16708,22819,7951.100098,18746,22523,23494,34586,0,0,50399,70600,60242,31919,28389,31726,4097600,0,0,22878,0,0,0,796110016,0,0,0,10016,15048,0,40382,0,0,18306,7093,11754,39410,0,36009,99860000,53016,29359,0,27666,20827,1856900,41258,10801,27989,0,0,41580,51160,46389,40156,52172,48648,65243,62146,0,0,0
P49368,"T-complex protein 1 subunit gamma, TCP-1-gamma (CCT-gamma) (hTRiC5)",CCT3,273430,0,0,5538000,3706200,4011600,1023800,2015000,3309900,918250,3093800,5602400,4307400,0,15838000,0,1022800,35656000,6965900,1737000,17460000,14407000,62240000,6082200,6530000,52449000,1010000,2401800,0,2889799936,0,495080,458290,6018500,237530,679780,0,3116000,0,215050,980380,875370,9311300,0,0,272849984,500990,783340,1306300,568400,1308400,54446000,1426900,375590,4779200,369370,8682100,1822200,3309300,0,1405100,1269600,17847000,7118600,8290900,845610,644310,1958100
P49411,"Elongation factor Tu, mitochondrial, EF-Tu (P43)",TUFM,9692.299805,12278,0,2743200,0,22194,954020,0,33154,751660,250850,2481800,255450,22999,5045900,329660,54987,113570,85880,237490,0,0,29302000,51941,122060,111040,0,0,0,2087000064,0,37543,52820,79193,0,0,0,43855,66460,1134400,1030900,802930,1440100,0,27430,272880000,634850,157260,28926,370100,0,28082000,1335600,36498,0,0,0,234890,1505300,466150,532160,111830,57548,1097600,68063,0,709010,0
P55072,"Transitional endoplasmic reticulum ATPase, TER ATPase, EC 3.6.4.6 (15S Mg(2+)-ATPase p97 subunit) (Valosin-containing protein, VCP)",VCP,298060,18431,0,2629900,0,0,6820800,0,147230,3711400,698160,2447300,99522,0,19995000,839950,0,610570,0,0,0,171080,143900000,0,0,0,2850400,0,1947000,1028700032,0,217410,0,1099000,1034700,0,428300,141070,686670,1783500,8166500,13015000,3615200,0,170290,1227699968,8445100,3635900,1019800,1522000,1116600,131930000,10988000,179620,0,1103700,0,6825900,10764000,613380,5781800,6872500,4607700,16034000,0,4006000,1357700,392820
P59666,"Neutrophil defensin 3 (Defensin, alpha 3) (HNP-3, HP-3, HP3) [Cleaved into: HP 3-56; Neutrophil defensin 2 (HNP-2, HP-2, HP2) ]",DEFA3,23132000,383110,589240,281540000,472410,253120,27363000,180850,0,5468100,32928000,155680,200750,424490,2053500,1747800,2396800,1770600,16039000,4387200,176690000,1412300032,65389000,14843000,6134800,14590000,29582000,0,0,47922000,3802600,15479000,1510700,13896000,1315200,0,841520,0,10041000,238820,2713500,11360000,681080,6514000,529630,4047800064,136950000,77818000,88044000,686920,51612000,169290000,10151000,28094000,0,1808100,928430,3436200,996750,534970,0,42352000,0,1811800,0,130530000,40899000,1837600
P60174,"Triosephosphate isomerase, TIM, EC 5.3.1.1 (Methylglyoxal synthase, EC 4.2.3.3) (Triose-phosphate isomerase)",TPI1,35926,70607,160910,34190000,34933,0,22090000,0,933450,28353000,1271400,61976000,3347100,0,36952000,211480,247160,44314,48233,206040,64708,856010,182450000,5817000,20816,279870,33107000,283850,131880,2216300032,2799400,3028000,711580,8950400,1816600,660810,62378,89733,7813000,4959500,26385000,5134900,9412200,0,3103600,1754700032,11204000,5070900,18952000,30852000,7520200,331300000,14761000,2748200,97623,2753400,147370,12967000,31499000,17526,24150000,9995800,18296000,38716000,0,378530,0,0
P61158,Actin-related protein 3 (Actin-like protein 3),ACTR3,0,0,0,459400,0,0,448300,0,34272,5672000,1033700,2428400,42839,0,5121500,0,0,270170,0,378470,0,0,9141300,142350,0,0,317160,965230,1073400,191160000,856250,770120,779860,876020,85488,1660000,159160,700590,811580,58342,1141400,1329600,2245400,0,290790,520960000,8964900,4825000,773730,2686000,615430,56013000,3077100,1002300,585850,1772800,676180,4220700,7369000,208630,3882000,1323700,5666300,11990000,198750,699760,0,951690
P61626,"Lysozyme C, EC 3.2.1.17 (1,4-beta-N-acetylmuramidase C)",LYZ,47006000,107980000,257570000,25414000,12265000,39527000,13162000,2214900,25837000,30209000,3583400,1424600,18482000,34009000,122730000,16234000,195240000,288860000,60030000,103120000,19051000,4693199872,577160000,67701000,372110016,114700000,3709600,8147900,22378000,560240000,91734000,78570000,431380000,146670000,29940000,17398000,43565000,225550000,16107000,9244500,8703900,84911000,79408000,497620000,67136000,544220032,2166899968,83259000,219540000,19874000,21087000,57300000,73000000,921900032,440900000,238360000,103170000,141950000,188270000,92521000,132330000,155210000,98042000,149950000,44750000,273270016,686990016,100620000
P62805,Histone H4,H4C1; H4C2; H4C3; H4C4; H4C5; H4C6; H4C8; H4C9; H4C11; H4C12; H4C13; H4C14; H4C15; H4-16,4785500,61006,18877,83031000,0,66166,107250000,0,6386.200195,28861000,0,3213400,26646,0,40919000,493800,307240,0,2899400,279340,0,6021400,358900000,20952000,286190,10210000,311420,0,1338900,11024000000,100740,6081300,217160,2321400,1953200,245220,114840,15367,49765000,11595000,26156000,36537000,6622300,0,204220,5421899776,34073000,5276000,197250000,1262300,37208000,1583399936,7263400,4652200,0,457480,157160,20527000,43463000,0,3307300,358880,14797000,28734000,84412,18081000,0,203710
P62937,"Peptidyl-prolyl cis-trans isomerase A, PPIase A, EC 5.2.1.8 (Cyclophilin A) (Cyclosporin A-binding protein) (Rotamase A) [Cleaved into: Peptidyl-prolyl cis-trans isomerase A, N-terminally processed ]",PPIA,611240,118250,138080,33204000,41267,16027,32522000,0,1358000,21740000,11049000,47742000,7562400,498850,20871000,3221300,152160,117240,105070,3627700,0,2684600,403860000,1093500,0,0,29952000,546510,0,2477199872,527910,742330,214370,1919400,3782100,85524,2039000,0,9633600,4750400,30538000,13264000,41287000,0,2023400,2335899904,23430000,12389000,1130500,49801000,1891700,369280000,69384000,2831700,285200,1365600,0,19778000,37228000,422530,32919000,3847800,36133000,96030000,101400,320690,1358100,0
P62979,Ubiquitin-40S ribosomal protein S27a (Ubiquitin carboxyl extension protein 80) [Cleaved into: Ubiquitin; 40S ribosomal protein S27a (Small ribosomal subunit protein eS31) ],RPS27A,2476700,5792600,16267000,11332000,13364000,10503000,17464000,9235600,28707000,5804100,4721300,1566800,1581700,1204300,6729500,0,9509900,5865900,10433000,18596000,0,0,42689000,11777000,14924000,17338000,134090000,12625000,93967000,3285700096,13659000,13133000,15088000,11373000,966960,17125000,0,121520000,122720000,14944000,4365300,32516000,328220000,8604300,403750,633500032,54633000,6177400,2298100,548950,8746400,948460032,159790000,8647200,5948400,0,4883300,18850000,18611000,0,288440000,80033000,7854000,22972000,9415300,13972000,0,6689200
P63104,"14-3-3 protein zeta/delta (Protein kinase C inhibitor protein 1, KCIP-1)",YWHAZ,0,629550,855040,38444000,289510,579920,30858000,0,1196100,8926900,9770500,53169000,6221300,0,51270000,2572000,13707000,16817000,2233800,6906900,990000,37547000,205010000,4086300,0,2500500,53320000,8595900,2812400,2405299968,9550400,2929600,3460700,18127000,5569200,2963600,3011900,1048200,14951000,9862300,18993000,42370000,40286000,0,7365600,1499000064,62738000,64068000,1930200,19518000,3620400,528969984,82301000,22461000,2160800,21430000,1617500,50853000,86768000,1410800,57220000,48065000,39764000,95289000,2549900,2920800,14478000,0
P63261,"Actin, cytoplasmic 2 (Gamma-actin) [Cleaved into: Actin, cytoplasmic 2, N-terminally processed ]",ACTG1,9434700,771610,1100900,560790016,177620,1711500,381569984,67570,24702000,294860000,127060000,438520000,46509000,346600,759340032,29764000,65040000,24628000,53933000,44965000,44122000,219680000,1924300032,153650000,20990000,36247000,216860000,19927000,3399500,27569000448,24095000,33660000,36961000,189820000,56715000,27129000,11118000,8582000,245200000,104450000,166820000,121470000,200550000,1314600,32827000,13992999936,156870000,93401000,207820000,244090000,69145000,3164800000,158450000,97289000,17746000,79453000,59173000,153380000,410400000,15099000,125570000,116130000,136730000,432380000,1326600,73534000,69271000,8163800
P67936,Tropomyosin alpha-4 chain (TM30p1) (Tropomyosin-4),TPM4,0,35187,65072,5424800,97495,81628,4041000,72489,37548,16080000,4455600,3640000,33719,0,24280000,178650,0,0,0,0,0,0,24023000,211070,45939,183020,1279600,104200,321850,613070016,144340,94324,517610,0,0,0,0,0,2319600,107310,2943800,320630,473960,0,0,1685799936,9483500,2132800,12337000,737820,641600,320510016,791850,218310,168900,0,1238600,857230,2046300,55210,391720,1270100,928990,1471100,114160,0,0,83360
P68104,"Elongation factor 1-alpha 1, EF-1-alpha-1 (Elongation factor Tu, EF-Tu) (Eukaryotic elongation factor 1 A-1, eEF1A-1) (Leukocyte receptor cluster member 7)",EEF1A1,92766,0,14846,18232000,0,101380,47876000,0,713460,31518000,50298000,24479000,3474400,0,62214000,1434500,1224200,1471400,0,1841200,91579,1376400,893969984,7778700,0,3460000,28567000,0,0,9784000512,193050,2422900,86160,13505000,3526800,0,368270,0,10862000,15930000,35744000,39801000,66999000,0,3589100,5275899904,17721000,58917000,8494400,1923200,5704900,578520000,38282000,4143900,2753300,26990000,0,69930000,154350000,3809900,95842000,33243000,75462000,53609000,0,493320,0,0
P68371,Tubulin beta-4B chain (Tubulin beta-2 chain) (Tubulin beta-2C chain),TUBB4B,0,10690,0,95651000,0,47907,269600000,128700,30025000,32471000,562380,861219968,67264000,17186,183260000,10871000,431200,233230,107110,802150,0,1428200,1408499968,1691400,0,303130,83655000,0,2807100,5735699968,903420,0,0,20411000,8196100,327630,454210,746170,6468200,25362000,35709000,53702000,170220000,120840,1625500,8766600192,2604800,20485000,588360,406969984,164500,1083100032,339009984,33589,1380500,31276000,129480,45031000,310360000,1002400,115780000,14689000,146580000,592979968,1193600,0,0,0
P68871,Hemoglobin subunit beta (Beta-globin) (Hemoglobin beta chain) [Cleaved into: LVV-hemorphin-7; Spinorphin ],HBB,7502000,389350,295820,290809984,43151,7413500,737100032,300390,32001000,193040000,112130000,265140000,75620000,4193000,2635300096,51953000,632950,6018000,18153000,775200,54665000,9639300,8135799808,358870016,30074000,41770000,6590099968,34727000,35586000,682230016,47038000,18300000,1262400000,796569984,143350000,153010000,3264500,30179000,849059968,214150000,476009984,211520000,329960000,0,60738000,11669000192,13225000,160980000,5464500224,128790000,4352999936,1344099968,545369984,6467500,696030,437950016,263770000,113210000,954360000,1012500,169620000,8358400,171070000,459300000,2600600,279380000,10406000,0
P69905,Hemoglobin subunit alpha (Alpha-globin) (Hemoglobin alpha chain),HBA1; HBA2,1167100,23291,18636,625369984,0,3867500,454080000,44994,12632000,274420000,20150000,312480000,81138000,861040,2215899904,62087000,821920,1165300,4015700,0,29860000,17714000,5848200192,117810000,21662000,24881000,5825600000,52278000,13712000,442329984,15981000,6123900,1179000064,330120000,61445000,85081000,1092600,16735000,847200000,102910000,296580000,141280000,280860000,0,45793000,11546999808,5714500,125310000,12083000320,129520000,5067400192,2441499904,323209984,4860300,0,219670000,111060000,56320000,740329984,418850,65044000,4310300,214990000,426969984,98864,196020000,25141000,0
P84243,Histone H3.3,H3-3A; H3-3B,10469000,273010,0,91635000,0,0,92203000,0,0,14048000,81452000,1717400,0,628590,117380000,7890400,3678700,0,21529000,0,10243000,19826000,243140000,50254000,0,11253000,3647200,0,0,7673600000,0,7527100,0,5266700,0,0,2441300,0,78957000,11760000,22231000,31544000,64962000,2290200,1413700,2374099968,17590000,13238000,96876000,0,52181000,256940000,198110000,8309000,0,3890400,1417000,28118000,43718000,1771300,34200000,24427000,1261500032,85756000,6378800,18195000,4693700,0
Q00610,"Clathrin heavy chain 1 (Clathrin heavy chain on chromosome 17, CLH-17)",CLTC,34357,0,12964,1351600,0,0,1832000,0,29925,1702700,527760,11432000,148460,54610,11187000,8087.399902,63695,49728,77482,0,20448,0,50110000,6405.799805,63565,0,216060,78494,0,893560000,85097,0,0,110880,157770,81080,24959,0,0,328190,1272900,3752800,3548400,0,58539,228690000,444350,1283100,0,2244000,0,32345000,33400000,0,50405,0,57986,2301200,8332600,33888,6232700,1026000,8665500,19418000,0,460200,0,0
Q01082,"Spectrin beta chain, non-erythrocytic 1 (Beta-II spectrin) (Fodrin beta chain) (Spectrin, non-erythroid beta chain 1)",SPTBN1,0,0,16308,7105000,0,0,2388900,0,35472,4910600,145740,31702000,175780,162790,10130000,113370,6361900,82571,2395500,644120,911760,2823700,35438000,131800,56185,0,131010,126610,149500,86417000,0,135550,0,0,0,65239,521460,0,63223,63585,3671500,174960,2277300,0,730380,22995000,152790,67507,655050,4313200,0,542579968,14369000,47684,31177,121680,0,931160,1007000,304790,1499300,196630,3321400,19367000,0,0,0,258590
Q01469,"Fatty acid-binding protein 5 (Epidermal-type fatty acid-binding protein, E-FABP) (Fatty acid-binding protein, epidermal) (Psoriasis-associated fatty acid-binding protein homolog, PA-FABP)",FABP5,0,1975800,2549300,16310000,94035,280260,4689100,0,1871500,2347100,1157500,4138100,1756900,0,44924000,0,3505100,3266200,0,8393400,12911000,7147200,67799000,4202700,806510,2684600,7442500,12323000,0,233710000,5075100,6209000,25507000,12566000,328170,832850,0,14542000,17056000,2769900,414090,2229900,1747300,0,0,26926000,145200000,7367300,29127000,0,13039000,158210000,8691800,45964000,2712600,4786800,1296000,8094200,80703000,0,2666100,1097700,7641700,9788400,0,5475200,19610000,4648400
Q03181,"Peroxisome proliferator-activated receptor delta, PPAR-delta (NUCI) (Nuclear hormone receptor 1, NUC1) (Nuclear receptor subfamily 1 group C member 2) (Peroxisome proliferator-activated receptor beta, PPAR-beta)",PPARD,29007000,0,0,7112200,19678000,16827000,28085000,40871000,26529000,0,0,12877000,0,43378000,16806000,18147000,50709000,54677000,49997000,0,0,0,0,118160000,113760000,134090000,100210000,153220000,170540000,0,115940000,42822000,120760000,79581000,15208000,112230000,18546000,63537000,91628000,75923000,108150000,10252000,14916000,81250000,22618000,74553000,0,0,97014000,20174000,77180000,0,21407000,159160000,116510000,149660000,63473000,20756000,20289000,25731000,15017000,33517000,12062000,42752000,72076000,178560000,241380000,175950000
Q06830,"Peroxiredoxin-1, EC 1.11.1.24 (Natural killer cell-enhancing factor A, NKEF-A) (Proliferation-associated gene protein, PAG) (Thioredoxin peroxidase 2) (Thioredoxin-dependent peroxide reductase 2) (Thioredoxin-dependent peroxiredoxin 1)",PRDX1,944150,274080,343590,22295000,0,26028,20128000,0,3683000,2360300,18303000,10203000,2100200,16906,17285000,285360,3496400,1367900,1249600,1580500,2155600,7177600,52539000,5128400,0,1000800,102870000,4977600,0,1957299968,12223000,16883000,6893900,48071000,4067900,17859000,0,1358300,15834000,1509400,7137300,4329200,10946000,0,3010700,1833699968,27366000,13762000,13380000,4283300,13786000,182570000,17583000,8190800,4037200,41773000,1510500,35827000,47576000,0,42015000,20127000,37432000,17085000,0,0,0,0
Q07065,"Cytoskeleton-associated protein 4 (63-kDa cytoskeleton-linking membrane protein, Climp-63, p63)",CKAP4,231520000,0,0,72135000,4189700,1120000,20416000,0,0,78960000,5427000,0,0,139130000,357230016,440640000,242280000,370449984,174430000,209220000,588689984,474910016,202500000,128770000,450409984,12067000,0,263630000,102790000,1981699968,117460000,227390000,164060000,115290000,0,94653000,249610000,79329000,0,1186400,12003000,215440000,227110000,296369984,258840000,4733799936,6443000,171340000,118720000,182880000,226070000,403809984,406260000,111050000,203790000,370670016,251170000,151650000,388740000,163660000,451620000,269280000,448369984,188980000,283129984,291620000,483800000,323240000
Q08380,"Galectin-3-binding protein (Basement membrane autoantigen p105) (Lectin galactoside-binding soluble 3-binding protein) (Mac-2-binding protein, MAC2BP, Mac-2 BP) (Tumor-associated antigen 90K)",LGALS3BP,211980,224690,420390,1224500,0,130750,1421800,0,0,1996000,0,133860,0,155030,1655100,417090,0,0,0,0,0,6314400,15684000,665800,4722100,3597700,50882000,1084600,0,381540000,1825000,25911000,1691100,6992000,1651500,0,1685600,1208300,1085000,721870,149080,2011000,1446900,5245100,543760,43277000,70267000,6165300,0,757960,1001700,42418000,0,3165500,41560000,3518200,229200,803580,10859000,437290,4888300,2442400,1415200,1605900,1230500,2539800,3062400,3337800
Q09666,Neuroblast differentiation-associated protein AHNAK (Desmoyokin),AHNAK,23877,1232.800049,0,70011,0,3844.899902,130250,0,19612,13390000,4171800,21538,2268.800049,0,21834,815200,1047500,621740,11293,15120,0,875440,2934200,0,20248,15833,159400,292040,23583,555800000,1168900,42492,13101,6089.700195,11462,78570,24573,13980,109960,67881,15817000,542090,8318.400391,29382,4900.399902,434780000,3765200,705440,10319000,0,527270,1211000064,945410,50270,25500,21690,29086,28378,6352.600098,564550,237390,70115,140990,6813500,3186300,1467700,40768,80839
Q12888,"TP53-binding protein 1, 53BP1, p53-binding protein 1, p53BP1",TP53BP1,1638900,0,0,352170,2453000,1287800,1993900,562160,969780,0,596190,1342200,2426900,2352400,9854000,9088200,43050000,44527000,20825000,23104000,40560000,35267000,1094100,12662000,12484000,15799000,0,18147000,0,873950016,0,0,12687000,0,0,0,5255200,8075600,17433000,1053500,274520,2584700,3593100,0,3441000,0,0,3313100,0,1214400,0,3511800,4629400,11997000,12400000,20001000,4173100,6925400,2434500,2718200,2067300,5365200,0,8811700,67098000,21070000,20150000,11770000
Q13813,"Spectrin alpha chain, non-erythrocytic 1 (Alpha-II spectrin) (Fodrin alpha chain) (Spectrin, non-erythroid alpha subunit)",SPTAN1,620310,667850,36423,14774000,1288000,79582,7536800,835480,96936,10380000,131840,90884000,2253700,1086400,47561000,965360,21384000,5627400,5898700,92925,0,0,150060000,0,0,477480,233400,1094000,151410,222890000,0,86517,0,878290,57691,402290,1675100,196380,278730,392000,7324400,2753100,12584000,810850,47128,45989000,722120,295780,1248000,25086000,403110,1336800000,114040000,265450,2044000,268730,1301300,712910,20753000,115810,1050300,56552,28099000,67526000,8273900,104810,0,0
Q14204,"Cytoplasmic dynein 1 heavy chain 1 (Cytoplasmic dynein heavy chain 1) (Dynein heavy chain, cytosolic)",DYNC1H1,0,372040,474930,2174000,0,0,937220,0,0,719910,40409,6168200,68528,53248,8043300,0,0,0,0,817370,0,0,135570000,919960,3350100,4645900,0,710440,1446100,383900000,0,1792600,538040,44037,167000,2031700,1914800,0,0,169990,907010,786910,2434100,932420,1571900,213210000,0,531660,0,229210,0,47892000,6051400,1763600,889620,1329800,2574000,365640,20448000,2743000,1743300,182310,5512200,26039000,0,0,1304400,1863200
Q14697,"Neutral alpha-glucosidase AB, EC 3.2.1.207 (Alpha-glucosidase 2) (Glucosidase II subunit alpha)",GANAB,239550,0,0,5740100,0,0,2736600,0,129330,1085800,331570,37756,0,98860,1716600,1106400,465950,624480,0,931080,1960900,390910,100120000,0,0,0,368900,0,0,471460000,273130,338520,0,107290,47417,255670,643450,100400,77293,232330,1546700,3144500,1761700,875820,774890,1578499968,749320,0,0,74090,0,57620000,876320,0,258490,0,133280,1002600,8101500,895100,907850,936030,2723600,2218000,448750,0,0,102510
Q15149,"Plectin, PCN, PLTN (Hemidesmosomal protein 1, HD1) (Plectin-1)",PLEC,57320,3987.300049,3619.399902,6327000,42230,15767,584080,7991.5,22122,2519500,728550,3207700,47861,0,2371200,59532,27240,149650,39541,0,138330,165930,14732000,22185,116290,47182,589770,128300,319100,2274599936,452770,255740,429510,461220,29008,445360,41136,60598,627390,167000,29572000,273440,4193400,250130,26082,1597900032,82308,248500,481870,61299,518290,262950000,3596700,324730,584840,1111200,689110,554190,22472000,83941,311350,20163,6833800,23322000,26412,992390,2157500,217260
Q16777,Histone H2A type 2-C (H2A-clustered histone 20) (Histone H2A-GL101) (Histone H2A/q),H2AC20,731340,34642,0,267060000,0,0,179010000,0,67378,130530000,1274700,23347000,4055800,0,73443000,6673600,301150,0,1189600,0,1360400,14167000,1491200000,33481000,1519900,1996200,2991700,0,0,46054998016,0,18044000,0,13160000,3990200,1508300,0,0,198550000,91091000,97801000,3997900,10890000,932300,721380,8422300160,21807000,7553100,386360000,58289000,58000000,467420000,1136100,4575400,649590,2065100,0,12569000,22350000,495780,27405000,1003100,27267000,126130000,0,61140000,0,0
Q6ZVX9,"Membrane progestin receptor epsilon, mPR epsilon (Membrane progesterone P4 receptor epsilon) (Membrane progesterone receptor epsilon) (Progesterone and adipoQ receptor family member 9) (Progestin and adipoQ receptor family member 9) (Progestin and adipoQ receptor family member IX)",PAQR9,212350000,0,0,199150000,119520000,345310016,277849984,125650000,174220000,158330000,222250000,277740000,161960000,303160000,475820000,399080000,1725200000,2660699904,893089984,1468999936,1934700032,2315800064,0,1483000064,2946599936,3004100096,984920000,912140032,1402200064,0,1149900032,761660032,1643800064,1528999936,118310000,957449984,755150016,1147299968,1460400000,219570000,77279000,529400000,1243200000,1657100032,1017900032,3646299904,0,708400000,1173799936,439360000,2642599936,194370000,657219968,2158299904,2225900032,4976000000,856840000,1252300032,1484300032,1182099968,918520000,1029400000,1389200000,436129984,1790800000,1247900032,3442099968,2506800128
Q71U36,Tubulin alpha-1A chain (Alpha-tubulin 3) (Tubulin B-alpha-1) (Tubulin alpha-3 chain) [Cleaved into: Detyrosinated tubulin alpha-1A chain ],TUBA1A,41861,11717,10311,201720000,0,0,152350000,0,28630000,36936000,3964800,426740000,66715000,46253,236280000,5881800,0,151430,0,430640,139180,3277400,1212999936,1868900,0,0,88614000,0,0,3002899968,4140600,977130,0,66476000,20123000,257000,129470,112250,19849000,53317000,36457000,68700000,178120000,608000,7170300,3201200128,8974300,43068000,216000,218340000,642980,733520000,517040000,1230300,1265400,50708000,172400,107900000,341070016,2299400,155800000,53660000,232330000,417940000,0,0,639790,0
Q7Z5M8,"Protein ABHD12B, EC 3.-.-.- (Abhydrolase domain-containing protein 12B) (Alpha/beta hydrolase domain-containing protein 12B)",ABHD12B,28332000,0,0,24814000,0,0,0,0,2432000,37849000,0,0,0,0,42036000,55863000,414100000,679769984,815430016,0,855600000,2523500032,97647000,10476999680,8525499904,12670000128,8745499648,12024999936,11742999552,18615000,8994500,5169399808,8863099904,6405100032,15171000,9130000384,44396000,5041900032,8413499904,0,14687000,30415000,33875000,6844400128,39792000,0,0,44436000,8162500096,55002000,7290100224,47798000,44695000,9505099776,8497000,8324199936,4912099840,66912000,72408000,88532000,77673000,70531000,32716000,94212000,422780000,10485000192,14026999808,11436999680
Q8NG11,"Tetraspanin-14, Tspan-14 (DC-TM4F2) (Transmembrane 4 superfamily member 14)",TSPAN14,221080000,0,5192000,92804000,37604000,0,0,30136000,0,51651000,0,0,92435000,54982000,530980000,980409984,614769984,1404199936,798769984,959470016,2839399936,1096499968,84436000,1321299968,2808499968,7934900224,1946800000,1057299968,1169299968,0,1306800000,1184099968,776649984,1924600064,53426000,942870016,575070016,1133699968,533750016,143550000,0,485000000,428510016,770179968,593280000,919640000,215380000,671360000,799849984,0,707649984,309100000,640259968,1219900032,1443399936,1485699968,1078499968,1215000064,1359200000,1295500032,946209984,1073000000,1139800064,1286200064,1231699968,1510400000,1872300032,1434800000
Q8TDL5,"BPI fold-containing family B member 1 (Long palate, lung and nasal epithelium carcinoma-associated protein 1) (von Ebner minor salivary gland protein, VEMSGP)",BPIFB1,9545400,1119700,3249100,118430,67721,4182500,0,0,809000,100190,0,0,0,1896200,1226700,313100,4692400,8405200,0,0,0,1044200000,6125300,2294700,8424800,605600,8412400,3394800,1986900,3836600,5240400,439320000,5829600,26096000,11004000,1379300,0,7189900,2094300,524760,28520,2988900,1830100,11901000,1721300,2614100,79570000,24169000,16062000,0,2694800,355110,3676700,29018000,31110000,69988000,1892100,2674000,17919000,303100,48108000,17469000,269930,376129984,0,140320000,3062100,4443000
Q96DA0,Zymogen granule protein 16 homolog B,ZG16B,4468600,3549600,6653600,0,1307900,1676800,368480,0,2193100,11984000,6258400,0,0,4560900,5637300,2827100,9516100,89744000,0,43349000,23530000,314320000,64922000,10489000,130110000,65408000,2303200,0,2515900,0,4570700,63767000,16511000,64595000,24126000,1408000,37577000,713170,0,196320,0,43715000,18505000,16110000,12638000,2806600,218110000,124030000,1805700,13241000,1138100,9881500,54842000,20340000,95026000,88178000,10551000,48579000,107660000,26080000,44413000,107380000,17760000,62284000,14319000,3940300,0,1793400
Q99879,"Histone H2B type 1-M (Histone H2B.e, H2B/e)",H2BC14,16188000,145770,87641,189480000,32128,198620,295520000,0,161990,131310000,28239000,36178000,8022900,80016,172120000,2240500,6067200,1105600,30859000,843050,2349900,10422000,1788800000,9654600,829210,5436000,2726700,0,0,32187000832,953870,7089800,807510,4845000,14219000,873940,324180,0,85601000,55289000,113920000,33908000,19170000,854690,2141900,4937500160,58454000,4612100,41662000,25406000,18963000,833800000,18974000,3378800,477290,2202500,869850,18449000,68006000,358640,20099000,15282000,18744000,111210000,3392400,11956000,2254300,0
Q9C099,Leucine-rich repeat and coiled-coil domain-containing protein 1 (Centrosomal leucine-rich repeat and coiled-coil domain-containing protein),LRRCC1,0,0,0,141650000,458910016,411070016,31760000,164370000,298729984,169980000,79899000,17360000,84104000,101230000,298070016,951329984,200640000,643379968,216660000,972200000,1291500032,927089984,0,22111000,6360300032,5778899968,2054200064,1810499968,14016000,0,1791600000,979849984,2576999936,0,124310000,1032499968,229880000,1738000000,1371500032,276680000,73593000,41573000,1222400000,1382700032,1146099968,1971600000,0,0,1683600000,111250000,3108300032,68975000,486560000,13852000,2067900032,202890000,2242400000,1536600064,1450499968,1631600000,1332400000,1811800064,1199200000,183180000,362040000,3021900032,5100800000,2688100096
Q9H078,"Caseinolytic peptidase B protein homolog, EC 3.6.1.- (Suppressor of potassium transport defect 3)",CLPB,0,0,0,0,4338800,4381900,2585600,705660,3214500,2943400,2650300,3316300,1533300,6802200,28530000,23297000,44320000,163080000,226100000,267050000,62859000,262190000,0,2357799936,2194899968,2375399936,1248300032,2411000064,2407699968,0,2234800128,828070016,2739300096,1370300032,1539600,1642099968,0,1260600064,1740199936,3761700,427260,0,12773000,1381100032,0,1305200000,0,22254000,1904099968,9770800,1341100032,2018800,0,1955000064,1960400000,1744600064,1049200000,0,12060000,9051000,9353300,14764000,0,29992000,84296000,1992199936,1969400064,2732100096
Q9H0U4,"Ras-related protein Rab-1B, EC 3.6.5.2",RAB1B,0,2266000,0,5951600,0,0,4449400,0,0,223320,381020,816860,66984,0,458250,0,1877000,1569600,0,0,0,905960,128420000,112190000,132880000,235570000,40377000,91737000,78516000,2420999936,74699000,12985000,59286000,59349000,2440800,55085000,0,57091000,57267000,3776900,8979200,15256000,17580000,116150000,0,684800000,20136000,18621000,87118000,677420,79940000,191750000,7071700,0,104980000,93733000,74452000,11559000,1187700,0,0,0,0,12052000,0,162200000,94811000,140260000
Q9H2G4,"Testis-specific Y-encoded-like protein 2, TSPY-like protein 2 (Cell division autoantigen 1) (Cutaneous T-cell lymphoma-associated antigen se20-4, CTCL-associated antigen se20-4) (Differentially-expressed nucleolar TGF-beta1 target protein) (Nuclear protein of 79 kDa, NP79)",TSPYL2,2103000,0,0,2052200,14906000,11000000,30059000,7841200,9782100,2393600,12055000,0,5018400,73614000,10457000,17449000,72616000,280790016,244220000,276180000,210450000,300609984,0,1318400000,1480700032,1446800000,603209984,927910016,1417699968,0,1027100032,436969984,1495000064,534000000,884680,763139968,18182000,425980000,894750016,123530000,2481700,15058000,5898800,762550016,40349000,527369984,0,15046000,776870016,274689984,536489984,0,10439000,1026099968,968160000,627920000,291590016,26289000,117660000,73631000,58784000,29748000,45647000,14065000,153050000,1596700032,1821100032,1288000000
Q9HC84,"Mucin-5B, MUC-5B (Cervical mucin) (High molecular weight salivary mucin MG1) (Mucin-5 subtype B, tracheobronchial) (Sublingual gland mucin)",MUC5B,1054000,22797000,46729000,11898,248780,12912000,230700,0,5997.700195,391870,36561,113810,75741,0,0,0,78298,1998300,25457,35956000,100450,926240000,50910000,0,4908000,258470,0,0,191410,440270,100250,518420,0,150670000,24913000,494250,615960,197200,11714000,787590,0,1129000,2363500,0,215910,191850,311420000,2303200,1261700,599680,105010,47803,13088000,40787000,31933,25920000,15766,2415100,767630,1058400,3494100,69382,0,669350016,0,89624000,0,736560
Q9NZK7,"Group IIE secretory phospholipase A2, GIIE sPLA2, sPLA2-IIE, EC 3.1.1.4 (Phosphatidylcholine 2-acylhydrolase 2E)",PLA2G2E,0,0,0,5266100,199460000,3803500,175770000,5154100,4643500,0,3073600,227910000,5593300,116480000,249250000,128360000,581920000,586649984,80894000,709190016,138440000,,18235000,73563000,110830000,276870016,278140000,253060000,128650000,2610300,79585000,307560000,525900000,86343000,290340000,655320000,12745000,885310,27681000,8525000,83631000,267770,6210200,329380000,5904300,98628000,178720000,15864000,154030000,18617000,82744000,0,18509000,77866000,50037000,117510000,68343000,51783000,249960000,31264000,121240000,41174000,215780000,441790016,372510016,49889000,248730000,469640000
Q9UGM3,"Deleted in malignant brain tumors 1 protein (Glycoprotein 340, Gp-340) (Hensin) (Salivary agglutinin, SAG) (Surfactant pulmonary-associated D-binding protein)",DMBT1,49337000,95722000,4275100,773910,0,0,713550,78668,929450,268330000,11318000,188440,609310,2020700,0,18877000,3276400,3656500,2876500,2438600,1062899968,,2136100,1255300,0,1789500,1686800,16004000,12384000,1987100,1434800,16409000,3269200,10021000,527570,34126000,1751400,79883000,6609600,25330,1370800,125310,2915400,163360000,0,935320,6437500,777130,873050,497560,2097500,0,0,30080000,2345800,224550000,15827000,500790,2461300,3341700,3656400,0,5172600,0,5999700,1609100,29518000,3792400